STATcube

"Deceased in Austria by calendar week (excl. abroad) from 2000 (Q)"
"Calendar week"
"Counting: Number of deaths"

Filters:
"Default Summation","Number of deaths"


"Calendar week",
"52. Calendar week 2021 (week from 27.12.2021 to 2.1.2022)",-,,
"1. Calendar week 2000 (week from 3.1.2000 to 9.1.2000)",1867,,
"2. Calendar week 2000 (week from 10.1.2000 to 16.1.2000)",1902,,
"3. Calendar week 2000 (week from 17.1.2000 to 23.1.2000)",2027,,
"4. Calendar week 2000 (week from 24.1.2000 to 30.1.2000)",1940,,
"5. Calendar week 2000 (week from 31.1.2000 to 6.2.2000)",1928,,
"6. Calendar week 2000 (week from 7.2.2000 to 13.2.2000)",1760,,
"7. Calendar week 2000 (week from 14.2.2000 to 20.2.2000)",1666,,
"8. Calendar week 2000 (week from 21.2.2000 to 27.2.2000)",1628,,
"9. Calendar week 2000 (week from 28.2.2000 to 5.3.2000)",1566,,
"10. Calendar week 2000 (week from 6.3.2000 to 12.3.2000)",1524,,
"11. Calendar week 2000 (week from 13.3.2000 to 19.3.2000)",1528,,
"12. Calendar week 2000 (week from 20.3.2000 to 26.3.2000)",1501,,
"13. Calendar week 2000 (week from 27.3.2000 to 2.4.2000)",1428,,
"14. Calendar week 2000 (week from 3.4.2000 to 9.4.2000)",1475,,
"15. Calendar week 2000 (week from 10.4.2000 to 16.4.2000)",1543,,
"16. Calendar week 2000 (week from 17.4.2000 to 23.4.2000)",1391,,
"17. Calendar week 2000 (week from 24.4.2000 to 30.4.2000)",1392,,
"18. Calendar week 2000 (week from 1.5.2000 to 7.5.2000)",1290,,
"19. Calendar week 2000 (week from 8.5.2000 to 14.5.2000)",1279,,
"20. Calendar week 2000 (week from 15.5.2000 to 21.5.2000)",1320,,
"21. Calendar week 2000 (week from 22.5.2000 to 28.5.2000)",1336,,
"22. Calendar week 2000 (week from 29.5.2000 to 4.6.2000)",1265,,
"23. Calendar week 2000 (week from 5.6.2000 to 11.6.2000)",1383,,
"24. Calendar week 2000 (week from 12.6.2000 to 18.6.2000)",1428,,
"25. Calendar week 2000 (week from 19.6.2000 to 25.6.2000)",1392,,
"26. Calendar week 2000 (week from 26.6.2000 to 2.7.2000)",1317,,
"27. Calendar week 2000 (week from 3.7.2000 to 9.7.2000)",1339,,
"28. Calendar week 2000 (week from 10.7.2000 to 16.7.2000)",1304,,
"29. Calendar week 2000 (week from 17.7.2000 to 23.7.2000)",1329,,
"30. Calendar week 2000 (week from 24.7.2000 to 30.7.2000)",1299,,
"31. Calendar week 2000 (week from 31.7.2000 to 6.8.2000)",1375,,
"32. Calendar week 2000 (week from 7.8.2000 to 13.8.2000)",1326,,
"33. Calendar week 2000 (week from 14.8.2000 to 20.8.2000)",1519,,
"34. Calendar week 2000 (week from 21.8.2000 to 27.8.2000)",1441,,
"35. Calendar week 2000 (week from 28.8.2000 to 3.9.2000)",1279,,
"36. Calendar week 2000 (week from 4.9.2000 to 10.9.2000)",1217,,
"37. Calendar week 2000 (week from 11.9.2000 to 17.9.2000)",1382,,
"38. Calendar week 2000 (week from 18.9.2000 to 24.9.2000)",1303,,
"39. Calendar week 2000 (week from 25.9.2000 to 1.10.2000)",1351,,
"40. Calendar week 2000 (week from 2.10.2000 to 8.10.2000)",1353,,
"41. Calendar week 2000 (week from 9.10.2000 to 15.10.2000)",1422,,
"42. Calendar week 2000 (week from 16.10.2000 to 22.10.2000)",1415,,
"43. Calendar week 2000 (week from 23.10.2000 to 29.10.2000)",1409,,
"44. Calendar week 2000 (week from 30.10.2000 to 5.11.2000)",1466,,
"45. Calendar week 2000 (week from 6.11.2000 to 12.11.2000)",1578,,
"46. Calendar week 2000 (week from 13.11.2000 to 19.11.2000)",1372,,
"47. Calendar week 2000 (week from 20.11.2000 to 26.11.2000)",1441,,
"48. Calendar week 2000 (week from 27.11.2000 to 3.12.2000)",1406,,
"49. Calendar week 2000 (week from 4.12.2000 to 10.12.2000)",1388,,
"50. Calendar week 2000 (week from 11.12.2000 to 17.12.2000)",1471,,
"51. Calendar week 2000 (week from 18.12.2000 to 24.12.2000)",1459,,
"52. Calendar week 2000 (week from 25.12.2000 to 31.12.2000)",1513,,
"1. Calendar week 2001 (week from 1.1.2001 to 7.1.2001)",1580,,
"2. Calendar week 2001 (week from 8.1.2001 to 14.1.2001)",1600,,
"3. Calendar week 2001 (week from 15.1.2001 to 21.1.2001)",1460,,
"4. Calendar week 2001 (week from 22.1.2001 to 28.1.2001)",1566,,
"5. Calendar week 2001 (week from 29.1.2001 to 4.2.2001)",1529,,
"6. Calendar week 2001 (week from 5.2.2001 to 11.2.2001)",1473,,
"7. Calendar week 2001 (week from 12.2.2001 to 18.2.2001)",1432,,
"8. Calendar week 2001 (week from 19.2.2001 to 25.2.2001)",1514,,
"9. Calendar week 2001 (week from 26.2.2001 to 4.3.2001)",1438,,
"10. Calendar week 2001 (week from 5.3.2001 to 11.3.2001)",1488,,
"11. Calendar week 2001 (week from 12.3.2001 to 18.3.2001)",1511,,
"12. Calendar week 2001 (week from 19.3.2001 to 25.3.2001)",1518,,
"13. Calendar week 2001 (week from 26.3.2001 to 1.4.2001)",1360,,
"14. Calendar week 2001 (week from 2.4.2001 to 8.4.2001)",1445,,
"15. Calendar week 2001 (week from 9.4.2001 to 15.4.2001)",1506,,
"16. Calendar week 2001 (week from 16.4.2001 to 22.4.2001)",1441,,
"17. Calendar week 2001 (week from 23.4.2001 to 29.4.2001)",1509,,
"18. Calendar week 2001 (week from 30.4.2001 to 6.5.2001)",1508,,
"19. Calendar week 2001 (week from 7.5.2001 to 13.5.2001)",1402,,
"20. Calendar week 2001 (week from 14.5.2001 to 20.5.2001)",1361,,
"21. Calendar week 2001 (week from 21.5.2001 to 27.5.2001)",1312,,
"22. Calendar week 2001 (week from 28.5.2001 to 3.6.2001)",1354,,
"23. Calendar week 2001 (week from 4.6.2001 to 10.6.2001)",1291,,
"24. Calendar week 2001 (week from 11.6.2001 to 17.6.2001)",1335,,
"25. Calendar week 2001 (week from 18.6.2001 to 24.6.2001)",1351,,
"26. Calendar week 2001 (week from 25.6.2001 to 1.7.2001)",1413,,
"27. Calendar week 2001 (week from 2.7.2001 to 8.7.2001)",1349,,
"28. Calendar week 2001 (week from 9.7.2001 to 15.7.2001)",1365,,
"29. Calendar week 2001 (week from 16.7.2001 to 22.7.2001)",1338,,
"30. Calendar week 2001 (week from 23.7.2001 to 29.7.2001)",1293,,
"31. Calendar week 2001 (week from 30.7.2001 to 5.8.2001)",1472,,
"32. Calendar week 2001 (week from 6.8.2001 to 12.8.2001)",1327,,
"33. Calendar week 2001 (week from 13.8.2001 to 19.8.2001)",1448,,
"34. Calendar week 2001 (week from 20.8.2001 to 26.8.2001)",1409,,
"35. Calendar week 2001 (week from 27.8.2001 to 2.9.2001)",1294,,
"36. Calendar week 2001 (week from 3.9.2001 to 9.9.2001)",1253,,
"37. Calendar week 2001 (week from 10.9.2001 to 16.9.2001)",1306,,
"38. Calendar week 2001 (week from 17.9.2001 to 23.9.2001)",1304,,
"39. Calendar week 2001 (week from 24.9.2001 to 30.9.2001)",1399,,
"40. Calendar week 2001 (week from 1.10.2001 to 7.10.2001)",1406,,
"41. Calendar week 2001 (week from 8.10.2001 to 14.10.2001)",1399,,
"42. Calendar week 2001 (week from 15.10.2001 to 21.10.2001)",1454,,
"43. Calendar week 2001 (week from 22.10.2001 to 28.10.2001)",1362,,
"44. Calendar week 2001 (week from 29.10.2001 to 4.11.2001)",1406,,
"45. Calendar week 2001 (week from 5.11.2001 to 11.11.2001)",1439,,
"46. Calendar week 2001 (week from 12.11.2001 to 18.11.2001)",1513,,
"47. Calendar week 2001 (week from 19.11.2001 to 25.11.2001)",1500,,
"48. Calendar week 2001 (week from 26.11.2001 to 2.12.2001)",1484,,
"49. Calendar week 2001 (week from 3.12.2001 to 9.12.2001)",1495,,
"50. Calendar week 2001 (week from 10.12.2001 to 16.12.2001)",1570,,
"51. Calendar week 2001 (week from 17.12.2001 to 23.12.2001)",1638,,
"52. Calendar week 2001 (week from 24.12.2001 to 30.12.2001)",1617,,
"1. Calendar week 2002 (week from 31.12.2001 to 6.1.2002)",1632,,
"2. Calendar week 2002 (week from 7.1.2002 to 13.1.2002)",1551,,
"3. Calendar week 2002 (week from 14.1.2002 to 20.1.2002)",1523,,
"4. Calendar week 2002 (week from 21.1.2002 to 27.1.2002)",1639,,
"5. Calendar week 2002 (week from 28.1.2002 to 3.2.2002)",1572,,
"6. Calendar week 2002 (week from 4.2.2002 to 10.2.2002)",1543,,
"7. Calendar week 2002 (week from 11.2.2002 to 17.2.2002)",1555,,
"8. Calendar week 2002 (week from 18.2.2002 to 24.2.2002)",1605,,
"9. Calendar week 2002 (week from 25.2.2002 to 3.3.2002)",1465,,
"10. Calendar week 2002 (week from 4.3.2002 to 10.3.2002)",1565,,
"11. Calendar week 2002 (week from 11.3.2002 to 17.3.2002)",1581,,
"12. Calendar week 2002 (week from 18.3.2002 to 24.3.2002)",1482,,
"13. Calendar week 2002 (week from 25.3.2002 to 31.3.2002)",1399,,
"14. Calendar week 2002 (week from 1.4.2002 to 7.4.2002)",1527,,
"15. Calendar week 2002 (week from 8.4.2002 to 14.4.2002)",1531,,
"16. Calendar week 2002 (week from 15.4.2002 to 21.4.2002)",1447,,
"17. Calendar week 2002 (week from 22.4.2002 to 28.4.2002)",1390,,
"18. Calendar week 2002 (week from 29.4.2002 to 5.5.2002)",1433,,
"19. Calendar week 2002 (week from 6.5.2002 to 12.5.2002)",1439,,
"20. Calendar week 2002 (week from 13.5.2002 to 19.5.2002)",1415,,
"21. Calendar week 2002 (week from 20.5.2002 to 26.5.2002)",1379,,
"22. Calendar week 2002 (week from 27.5.2002 to 2.6.2002)",1352,,
"23. Calendar week 2002 (week from 3.6.2002 to 9.6.2002)",1357,,
"24. Calendar week 2002 (week from 10.6.2002 to 16.6.2002)",1418,,
"25. Calendar week 2002 (week from 17.6.2002 to 23.6.2002)",1664,,
"26. Calendar week 2002 (week from 24.6.2002 to 30.6.2002)",1469,,
"27. Calendar week 2002 (week from 1.7.2002 to 7.7.2002)",1395,,
"28. Calendar week 2002 (week from 8.7.2002 to 14.7.2002)",1364,,
"29. Calendar week 2002 (week from 15.7.2002 to 21.7.2002)",1320,,
"30. Calendar week 2002 (week from 22.7.2002 to 28.7.2002)",1346,,
"31. Calendar week 2002 (week from 29.7.2002 to 4.8.2002)",1360,,
"32. Calendar week 2002 (week from 5.8.2002 to 11.8.2002)",1339,,
"33. Calendar week 2002 (week from 12.8.2002 to 18.8.2002)",1346,,
"34. Calendar week 2002 (week from 19.8.2002 to 25.8.2002)",1300,,
"35. Calendar week 2002 (week from 26.8.2002 to 1.9.2002)",1396,,
"36. Calendar week 2002 (week from 2.9.2002 to 8.9.2002)",1311,,
"37. Calendar week 2002 (week from 9.9.2002 to 15.9.2002)",1291,,
"38. Calendar week 2002 (week from 16.9.2002 to 22.9.2002)",1350,,
"39. Calendar week 2002 (week from 23.9.2002 to 29.9.2002)",1396,,
"40. Calendar week 2002 (week from 30.9.2002 to 6.10.2002)",1456,,
"41. Calendar week 2002 (week from 7.10.2002 to 13.10.2002)",1420,,
"42. Calendar week 2002 (week from 14.10.2002 to 20.10.2002)",1409,,
"43. Calendar week 2002 (week from 21.10.2002 to 27.10.2002)",1462,,
"44. Calendar week 2002 (week from 28.10.2002 to 3.11.2002)",1410,,
"45. Calendar week 2002 (week from 4.11.2002 to 10.11.2002)",1512,,
"46. Calendar week 2002 (week from 11.11.2002 to 17.11.2002)",1498,,
"47. Calendar week 2002 (week from 18.11.2002 to 24.11.2002)",1458,,
"48. Calendar week 2002 (week from 25.11.2002 to 1.12.2002)",1442,,
"49. Calendar week 2002 (week from 2.12.2002 to 8.12.2002)",1525,,
"50. Calendar week 2002 (week from 9.12.2002 to 15.12.2002)",1588,,
"51. Calendar week 2002 (week from 16.12.2002 to 22.12.2002)",1614,,
"52. Calendar week 2002 (week from 23.12.2002 to 29.12.2002)",1604,,
"1. Calendar week 2003 (week from 30.12.2002 to 5.1.2003)",1661,,
"2. Calendar week 2003 (week from 6.1.2003 to 12.1.2003)",1611,,
"3. Calendar week 2003 (week from 13.1.2003 to 19.1.2003)",1619,,
"4. Calendar week 2003 (week from 20.1.2003 to 26.1.2003)",1618,,
"5. Calendar week 2003 (week from 27.1.2003 to 2.2.2003)",1625,,
"6. Calendar week 2003 (week from 3.2.2003 to 9.2.2003)",1594,,
"7. Calendar week 2003 (week from 10.2.2003 to 16.2.2003)",1688,,
"8. Calendar week 2003 (week from 17.2.2003 to 23.2.2003)",1843,,
"9. Calendar week 2003 (week from 24.2.2003 to 2.3.2003)",1881,,
"10. Calendar week 2003 (week from 3.3.2003 to 9.3.2003)",1904,,
"11. Calendar week 2003 (week from 10.3.2003 to 16.3.2003)",1766,,
"12. Calendar week 2003 (week from 17.3.2003 to 23.3.2003)",1654,,
"13. Calendar week 2003 (week from 24.3.2003 to 30.3.2003)",1597,,
"14. Calendar week 2003 (week from 31.3.2003 to 6.4.2003)",1524,,
"15. Calendar week 2003 (week from 7.4.2003 to 13.4.2003)",1452,,
"16. Calendar week 2003 (week from 14.4.2003 to 20.4.2003)",1432,,
"17. Calendar week 2003 (week from 21.4.2003 to 27.4.2003)",1415,,
"18. Calendar week 2003 (week from 28.4.2003 to 4.5.2003)",1410,,
"19. Calendar week 2003 (week from 5.5.2003 to 11.5.2003)",1490,,
"20. Calendar week 2003 (week from 12.5.2003 to 18.5.2003)",1345,,
"21. Calendar week 2003 (week from 19.5.2003 to 25.5.2003)",1353,,
"22. Calendar week 2003 (week from 26.5.2003 to 1.6.2003)",1419,,
"23. Calendar week 2003 (week from 2.6.2003 to 8.6.2003)",1410,,
"24. Calendar week 2003 (week from 9.6.2003 to 15.6.2003)",1475,,
"25. Calendar week 2003 (week from 16.6.2003 to 22.6.2003)",1271,,
"26. Calendar week 2003 (week from 23.6.2003 to 29.6.2003)",1382,,
"27. Calendar week 2003 (week from 30.6.2003 to 6.7.2003)",1374,,
"28. Calendar week 2003 (week from 7.7.2003 to 13.7.2003)",1340,,
"29. Calendar week 2003 (week from 14.7.2003 to 20.7.2003)",1422,,
"30. Calendar week 2003 (week from 21.7.2003 to 27.7.2003)",1451,,
"31. Calendar week 2003 (week from 28.7.2003 to 3.8.2003)",1428,,
"32. Calendar week 2003 (week from 4.8.2003 to 10.8.2003)",1464,,
"33. Calendar week 2003 (week from 11.8.2003 to 17.8.2003)",1476,,
"34. Calendar week 2003 (week from 18.8.2003 to 24.8.2003)",1310,,
"35. Calendar week 2003 (week from 25.8.2003 to 31.8.2003)",1303,,
"36. Calendar week 2003 (week from 1.9.2003 to 7.9.2003)",1351,,
"37. Calendar week 2003 (week from 8.9.2003 to 14.9.2003)",1324,,
"38. Calendar week 2003 (week from 15.9.2003 to 21.9.2003)",1353,,
"39. Calendar week 2003 (week from 22.9.2003 to 28.9.2003)",1385,,
"40. Calendar week 2003 (week from 29.9.2003 to 5.10.2003)",1357,,
"41. Calendar week 2003 (week from 6.10.2003 to 12.10.2003)",1387,,
"42. Calendar week 2003 (week from 13.10.2003 to 19.10.2003)",1396,,
"43. Calendar week 2003 (week from 20.10.2003 to 26.10.2003)",1463,,
"44. Calendar week 2003 (week from 27.10.2003 to 2.11.2003)",1508,,
"45. Calendar week 2003 (week from 3.11.2003 to 9.11.2003)",1457,,
"46. Calendar week 2003 (week from 10.11.2003 to 16.11.2003)",1397,,
"47. Calendar week 2003 (week from 17.11.2003 to 23.11.2003)",1429,,
"48. Calendar week 2003 (week from 24.11.2003 to 30.11.2003)",1393,,
"49. Calendar week 2003 (week from 1.12.2003 to 7.12.2003)",1439,,
"50. Calendar week 2003 (week from 8.12.2003 to 14.12.2003)",1348,,
"51. Calendar week 2003 (week from 15.12.2003 to 21.12.2003)",1455,,
"52. Calendar week 2003 (week from 22.12.2003 to 28.12.2003)",1549,,
"1. Calendar week 2004 (week from 29.12.2003 to 4.1.2004)",1718,,
"2. Calendar week 2004 (week from 5.1.2004 to 11.1.2004)",1649,,
"3. Calendar week 2004 (week from 12.1.2004 to 18.1.2004)",1661,,
"4. Calendar week 2004 (week from 19.1.2004 to 25.1.2004)",1658,,
"5. Calendar week 2004 (week from 26.1.2004 to 1.2.2004)",1723,,
"6. Calendar week 2004 (week from 2.2.2004 to 8.2.2004)",1614,,
"7. Calendar week 2004 (week from 9.2.2004 to 15.2.2004)",1581,,
"8. Calendar week 2004 (week from 16.2.2004 to 22.2.2004)",1521,,
"9. Calendar week 2004 (week from 23.2.2004 to 29.2.2004)",1604,,
"10. Calendar week 2004 (week from 1.3.2004 to 7.3.2004)",1526,,
"11. Calendar week 2004 (week from 8.3.2004 to 14.3.2004)",1473,,
"12. Calendar week 2004 (week from 15.3.2004 to 21.3.2004)",1439,,
"13. Calendar week 2004 (week from 22.3.2004 to 28.3.2004)",1480,,
"14. Calendar week 2004 (week from 29.3.2004 to 4.4.2004)",1431,,
"15. Calendar week 2004 (week from 5.4.2004 to 11.4.2004)",1408,,
"16. Calendar week 2004 (week from 12.4.2004 to 18.4.2004)",1404,,
"17. Calendar week 2004 (week from 19.4.2004 to 25.4.2004)",1371,,
"18. Calendar week 2004 (week from 26.4.2004 to 2.5.2004)",1390,,
"19. Calendar week 2004 (week from 3.5.2004 to 9.5.2004)",1272,,
"20. Calendar week 2004 (week from 10.5.2004 to 16.5.2004)",1386,,
"21. Calendar week 2004 (week from 17.5.2004 to 23.5.2004)",1340,,
"22. Calendar week 2004 (week from 24.5.2004 to 30.5.2004)",1328,,
"23. Calendar week 2004 (week from 31.5.2004 to 6.6.2004)",1352,,
"24. Calendar week 2004 (week from 7.6.2004 to 13.6.2004)",1370,,
"25. Calendar week 2004 (week from 14.6.2004 to 20.6.2004)",1317,,
"26. Calendar week 2004 (week from 21.6.2004 to 27.6.2004)",1307,,
"27. Calendar week 2004 (week from 28.6.2004 to 4.7.2004)",1307,,
"28. Calendar week 2004 (week from 5.7.2004 to 11.7.2004)",1308,,
"29. Calendar week 2004 (week from 12.7.2004 to 18.7.2004)",1302,,
"30. Calendar week 2004 (week from 19.7.2004 to 25.7.2004)",1401,,
"31. Calendar week 2004 (week from 26.7.2004 to 1.8.2004)",1317,,
"32. Calendar week 2004 (week from 2.8.2004 to 8.8.2004)",1335,,
"33. Calendar week 2004 (week from 9.8.2004 to 15.8.2004)",1299,,
"34. Calendar week 2004 (week from 16.8.2004 to 22.8.2004)",1289,,
"35. Calendar week 2004 (week from 23.8.2004 to 29.8.2004)",1226,,
"36. Calendar week 2004 (week from 30.8.2004 to 5.9.2004)",1287,,
"37. Calendar week 2004 (week from 6.9.2004 to 12.9.2004)",1292,,
"38. Calendar week 2004 (week from 13.9.2004 to 19.9.2004)",1232,,
"39. Calendar week 2004 (week from 20.9.2004 to 26.9.2004)",1294,,
"40. Calendar week 2004 (week from 27.9.2004 to 3.10.2004)",1352,,
"41. Calendar week 2004 (week from 4.10.2004 to 10.10.2004)",1341,,
"42. Calendar week 2004 (week from 11.10.2004 to 17.10.2004)",1369,,
"43. Calendar week 2004 (week from 18.10.2004 to 24.10.2004)",1475,,
"44. Calendar week 2004 (week from 25.10.2004 to 31.10.2004)",1420,,
"45. Calendar week 2004 (week from 1.11.2004 to 7.11.2004)",1338,,
"46. Calendar week 2004 (week from 8.11.2004 to 14.11.2004)",1436,,
"47. Calendar week 2004 (week from 15.11.2004 to 21.11.2004)",1439,,
"48. Calendar week 2004 (week from 22.11.2004 to 28.11.2004)",1503,,
"49. Calendar week 2004 (week from 29.11.2004 to 5.12.2004)",1500,,
"50. Calendar week 2004 (week from 6.12.2004 to 12.12.2004)",1519,,
"51. Calendar week 2004 (week from 13.12.2004 to 19.12.2004)",1475,,
"52. Calendar week 2004 (week from 20.12.2004 to 26.12.2004)",1532,,
"53. Calendar week 2004 (week from 27.12.2004 to 2.1.2005)",1544,,
"1. Calendar week 2005 (week from 3.1.2005 to 9.1.2005)",1534,,
"2. Calendar week 2005 (week from 10.1.2005 to 16.1.2005)",1564,,
"3. Calendar week 2005 (week from 17.1.2005 to 23.1.2005)",1678,,
"4. Calendar week 2005 (week from 24.1.2005 to 30.1.2005)",1570,,
"5. Calendar week 2005 (week from 31.1.2005 to 6.2.2005)",1681,,
"6. Calendar week 2005 (week from 7.2.2005 to 13.2.2005)",1774,,
"7. Calendar week 2005 (week from 14.2.2005 to 20.2.2005)",1853,,
"8. Calendar week 2005 (week from 21.2.2005 to 27.2.2005)",1813,,
"9. Calendar week 2005 (week from 28.2.2005 to 6.3.2005)",1841,,
"10. Calendar week 2005 (week from 7.3.2005 to 13.3.2005)",1695,,
"11. Calendar week 2005 (week from 14.3.2005 to 20.3.2005)",1614,,
"12. Calendar week 2005 (week from 21.3.2005 to 27.3.2005)",1494,,
"13. Calendar week 2005 (week from 28.3.2005 to 3.4.2005)",1448,,
"14. Calendar week 2005 (week from 4.4.2005 to 10.4.2005)",1477,,
"15. Calendar week 2005 (week from 11.4.2005 to 17.4.2005)",1439,,
"16. Calendar week 2005 (week from 18.4.2005 to 24.4.2005)",1358,,
"17. Calendar week 2005 (week from 25.4.2005 to 1.5.2005)",1373,,
"18. Calendar week 2005 (week from 2.5.2005 to 8.5.2005)",1371,,
"19. Calendar week 2005 (week from 9.5.2005 to 15.5.2005)",1417,,
"20. Calendar week 2005 (week from 16.5.2005 to 22.5.2005)",1361,,
"21. Calendar week 2005 (week from 23.5.2005 to 29.5.2005)",1438,,
"22. Calendar week 2005 (week from 30.5.2005 to 5.6.2005)",1233,,
"23. Calendar week 2005 (week from 6.6.2005 to 12.6.2005)",1279,,
"24. Calendar week 2005 (week from 13.6.2005 to 19.6.2005)",1388,,
"25. Calendar week 2005 (week from 20.6.2005 to 26.6.2005)",1361,,
"26. Calendar week 2005 (week from 27.6.2005 to 3.7.2005)",1271,,
"27. Calendar week 2005 (week from 4.7.2005 to 10.7.2005)",1227,,
"28. Calendar week 2005 (week from 11.7.2005 to 17.7.2005)",1324,,
"29. Calendar week 2005 (week from 18.7.2005 to 24.7.2005)",1225,,
"30. Calendar week 2005 (week from 25.7.2005 to 31.7.2005)",1472,,
"31. Calendar week 2005 (week from 1.8.2005 to 7.8.2005)",1320,,
"32. Calendar week 2005 (week from 8.8.2005 to 14.8.2005)",1287,,
"33. Calendar week 2005 (week from 15.8.2005 to 21.8.2005)",1280,,
"34. Calendar week 2005 (week from 22.8.2005 to 28.8.2005)",1284,,
"35. Calendar week 2005 (week from 29.8.2005 to 4.9.2005)",1294,,
"36. Calendar week 2005 (week from 5.9.2005 to 11.9.2005)",1295,,
"37. Calendar week 2005 (week from 12.9.2005 to 18.9.2005)",1275,,
"38. Calendar week 2005 (week from 19.9.2005 to 25.9.2005)",1295,,
"39. Calendar week 2005 (week from 26.9.2005 to 2.10.2005)",1301,,
"40. Calendar week 2005 (week from 3.10.2005 to 9.10.2005)",1422,,
"41. Calendar week 2005 (week from 10.10.2005 to 16.10.2005)",1394,,
"42. Calendar week 2005 (week from 17.10.2005 to 23.10.2005)",1426,,
"43. Calendar week 2005 (week from 24.10.2005 to 30.10.2005)",1411,,
"44. Calendar week 2005 (week from 31.10.2005 to 6.11.2005)",1396,,
"45. Calendar week 2005 (week from 7.11.2005 to 13.11.2005)",1388,,
"46. Calendar week 2005 (week from 14.11.2005 to 20.11.2005)",1436,,
"47. Calendar week 2005 (week from 21.11.2005 to 27.11.2005)",1472,,
"48. Calendar week 2005 (week from 28.11.2005 to 4.12.2005)",1546,,
"49. Calendar week 2005 (week from 5.12.2005 to 11.12.2005)",1419,,
"50. Calendar week 2005 (week from 12.12.2005 to 18.12.2005)",1474,,
"51. Calendar week 2005 (week from 19.12.2005 to 25.12.2005)",1472,,
"52. Calendar week 2005 (week from 26.12.2005 to 1.1.2006)",1530,,
"1. Calendar week 2006 (week from 2.1.2006 to 8.1.2006)",1504,,
"2. Calendar week 2006 (week from 9.1.2006 to 15.1.2006)",1473,,
"3. Calendar week 2006 (week from 16.1.2006 to 22.1.2006)",1559,,
"4. Calendar week 2006 (week from 23.1.2006 to 29.1.2006)",1524,,
"5. Calendar week 2006 (week from 30.1.2006 to 5.2.2006)",1489,,
"6. Calendar week 2006 (week from 6.2.2006 to 12.2.2006)",1658,,
"7. Calendar week 2006 (week from 13.2.2006 to 19.2.2006)",1478,,
"8. Calendar week 2006 (week from 20.2.2006 to 26.2.2006)",1525,,
"9. Calendar week 2006 (week from 27.2.2006 to 5.3.2006)",1434,,
"10. Calendar week 2006 (week from 6.3.2006 to 12.3.2006)",1500,,
"11. Calendar week 2006 (week from 13.3.2006 to 19.3.2006)",1476,,
"12. Calendar week 2006 (week from 20.3.2006 to 26.3.2006)",1513,,
"13. Calendar week 2006 (week from 27.3.2006 to 2.4.2006)",1592,,
"14. Calendar week 2006 (week from 3.4.2006 to 9.4.2006)",1458,,
"15. Calendar week 2006 (week from 10.4.2006 to 16.4.2006)",1412,,
"16. Calendar week 2006 (week from 17.4.2006 to 23.4.2006)",1428,,
"17. Calendar week 2006 (week from 24.4.2006 to 30.4.2006)",1360,,
"18. Calendar week 2006 (week from 1.5.2006 to 7.5.2006)",1391,,
"19. Calendar week 2006 (week from 8.5.2006 to 14.5.2006)",1446,,
"20. Calendar week 2006 (week from 15.5.2006 to 21.5.2006)",1371,,
"21. Calendar week 2006 (week from 22.5.2006 to 28.5.2006)",1411,,
"22. Calendar week 2006 (week from 29.5.2006 to 4.6.2006)",1341,,
"23. Calendar week 2006 (week from 5.6.2006 to 11.6.2006)",1387,,
"24. Calendar week 2006 (week from 12.6.2006 to 18.6.2006)",1500,,
"25. Calendar week 2006 (week from 19.6.2006 to 25.6.2006)",1480,,
"26. Calendar week 2006 (week from 26.6.2006 to 2.7.2006)",1417,,
"27. Calendar week 2006 (week from 3.7.2006 to 9.7.2006)",1287,,
"28. Calendar week 2006 (week from 10.7.2006 to 16.7.2006)",1409,,
"29. Calendar week 2006 (week from 17.7.2006 to 23.7.2006)",1413,,
"30. Calendar week 2006 (week from 24.7.2006 to 30.7.2006)",1476,,
"31. Calendar week 2006 (week from 31.7.2006 to 6.8.2006)",1303,,
"32. Calendar week 2006 (week from 7.8.2006 to 13.8.2006)",1244,,
"33. Calendar week 2006 (week from 14.8.2006 to 20.8.2006)",1384,,
"34. Calendar week 2006 (week from 21.8.2006 to 27.8.2006)",1337,,
"35. Calendar week 2006 (week from 28.8.2006 to 3.9.2006)",1359,,
"36. Calendar week 2006 (week from 4.9.2006 to 10.9.2006)",1392,,
"37. Calendar week 2006 (week from 11.9.2006 to 17.9.2006)",1301,,
"38. Calendar week 2006 (week from 18.9.2006 to 24.9.2006)",1334,,
"39. Calendar week 2006 (week from 25.9.2006 to 1.10.2006)",1326,,
"40. Calendar week 2006 (week from 2.10.2006 to 8.10.2006)",1348,,
"41. Calendar week 2006 (week from 9.10.2006 to 15.10.2006)",1335,,
"42. Calendar week 2006 (week from 16.10.2006 to 22.10.2006)",1391,,
"43. Calendar week 2006 (week from 23.10.2006 to 29.10.2006)",1440,,
"44. Calendar week 2006 (week from 30.10.2006 to 5.11.2006)",1332,,
"45. Calendar week 2006 (week from 6.11.2006 to 12.11.2006)",1418,,
"46. Calendar week 2006 (week from 13.11.2006 to 19.11.2006)",1461,,
"47. Calendar week 2006 (week from 20.11.2006 to 26.11.2006)",1488,,
"48. Calendar week 2006 (week from 27.11.2006 to 3.12.2006)",1327,,
"49. Calendar week 2006 (week from 4.12.2006 to 10.12.2006)",1422,,
"50. Calendar week 2006 (week from 11.12.2006 to 17.12.2006)",1395,,
"51. Calendar week 2006 (week from 18.12.2006 to 24.12.2006)",1495,,
"52. Calendar week 2006 (week from 25.12.2006 to 31.12.2006)",1514,,
"1. Calendar week 2007 (week from 1.1.2007 to 7.1.2007)",1576,,
"2. Calendar week 2007 (week from 8.1.2007 to 14.1.2007)",1537,,
"3. Calendar week 2007 (week from 15.1.2007 to 21.1.2007)",1416,,
"4. Calendar week 2007 (week from 22.1.2007 to 28.1.2007)",1459,,
"5. Calendar week 2007 (week from 29.1.2007 to 4.2.2007)",1545,,
"6. Calendar week 2007 (week from 5.2.2007 to 11.2.2007)",1554,,
"7. Calendar week 2007 (week from 12.2.2007 to 18.2.2007)",1556,,
"8. Calendar week 2007 (week from 19.2.2007 to 25.2.2007)",1667,,
"9. Calendar week 2007 (week from 26.2.2007 to 4.3.2007)",1615,,
"10. Calendar week 2007 (week from 5.3.2007 to 11.3.2007)",1549,,
"11. Calendar week 2007 (week from 12.3.2007 to 18.3.2007)",1536,,
"12. Calendar week 2007 (week from 19.3.2007 to 25.3.2007)",1514,,
"13. Calendar week 2007 (week from 26.3.2007 to 1.4.2007)",1445,,
"14. Calendar week 2007 (week from 2.4.2007 to 8.4.2007)",1437,,
"15. Calendar week 2007 (week from 9.4.2007 to 15.4.2007)",1428,,
"16. Calendar week 2007 (week from 16.4.2007 to 22.4.2007)",1373,,
"17. Calendar week 2007 (week from 23.4.2007 to 29.4.2007)",1405,,
"18. Calendar week 2007 (week from 30.4.2007 to 6.5.2007)",1403,,
"19. Calendar week 2007 (week from 7.5.2007 to 13.5.2007)",1341,,
"20. Calendar week 2007 (week from 14.5.2007 to 20.5.2007)",1328,,
"21. Calendar week 2007 (week from 21.5.2007 to 27.5.2007)",1484,,
"22. Calendar week 2007 (week from 28.5.2007 to 3.6.2007)",1332,,
"23. Calendar week 2007 (week from 4.6.2007 to 10.6.2007)",1307,,
"24. Calendar week 2007 (week from 11.6.2007 to 17.6.2007)",1346,,
"25. Calendar week 2007 (week from 18.6.2007 to 24.6.2007)",1385,,
"26. Calendar week 2007 (week from 25.6.2007 to 1.7.2007)",1309,,
"27. Calendar week 2007 (week from 2.7.2007 to 8.7.2007)",1185,,
"28. Calendar week 2007 (week from 9.7.2007 to 15.7.2007)",1373,,
"29. Calendar week 2007 (week from 16.7.2007 to 22.7.2007)",1743,,
"30. Calendar week 2007 (week from 23.7.2007 to 29.7.2007)",1422,,
"31. Calendar week 2007 (week from 30.7.2007 to 5.8.2007)",1285,,
"32. Calendar week 2007 (week from 6.8.2007 to 12.8.2007)",1369,,
"33. Calendar week 2007 (week from 13.8.2007 to 19.8.2007)",1314,,
"34. Calendar week 2007 (week from 20.8.2007 to 26.8.2007)",1316,,
"35. Calendar week 2007 (week from 27.8.2007 to 2.9.2007)",1297,,
"36. Calendar week 2007 (week from 3.9.2007 to 9.9.2007)",1288,,
"37. Calendar week 2007 (week from 10.9.2007 to 16.9.2007)",1348,,
"38. Calendar week 2007 (week from 17.9.2007 to 23.9.2007)",1291,,
"39. Calendar week 2007 (week from 24.9.2007 to 30.9.2007)",1366,,
"40. Calendar week 2007 (week from 1.10.2007 to 7.10.2007)",1364,,
"41. Calendar week 2007 (week from 8.10.2007 to 14.10.2007)",1356,,
"42. Calendar week 2007 (week from 15.10.2007 to 21.10.2007)",1437,,
"43. Calendar week 2007 (week from 22.10.2007 to 28.10.2007)",1391,,
"44. Calendar week 2007 (week from 29.10.2007 to 4.11.2007)",1464,,
"45. Calendar week 2007 (week from 5.11.2007 to 11.11.2007)",1506,,
"46. Calendar week 2007 (week from 12.11.2007 to 18.11.2007)",1499,,
"47. Calendar week 2007 (week from 19.11.2007 to 25.11.2007)",1481,,
"48. Calendar week 2007 (week from 26.11.2007 to 2.12.2007)",1417,,
"49. Calendar week 2007 (week from 3.12.2007 to 9.12.2007)",1525,,
"50. Calendar week 2007 (week from 10.12.2007 to 16.12.2007)",1466,,
"51. Calendar week 2007 (week from 17.12.2007 to 23.12.2007)",1465,,
"52. Calendar week 2007 (week from 24.12.2007 to 30.12.2007)",1556,,
"1. Calendar week 2008 (week from 31.12.2007 to 6.1.2008)",1686,,
"2. Calendar week 2008 (week from 7.1.2008 to 13.1.2008)",1705,,
"3. Calendar week 2008 (week from 14.1.2008 to 20.1.2008)",1624,,
"4. Calendar week 2008 (week from 21.1.2008 to 27.1.2008)",1583,,
"5. Calendar week 2008 (week from 28.1.2008 to 3.2.2008)",1610,,
"6. Calendar week 2008 (week from 4.2.2008 to 10.2.2008)",1518,,
"7. Calendar week 2008 (week from 11.2.2008 to 17.2.2008)",1532,,
"8. Calendar week 2008 (week from 18.2.2008 to 24.2.2008)",1509,,
"9. Calendar week 2008 (week from 25.2.2008 to 2.3.2008)",1583,,
"10. Calendar week 2008 (week from 3.3.2008 to 9.3.2008)",1484,,
"11. Calendar week 2008 (week from 10.3.2008 to 16.3.2008)",1504,,
"12. Calendar week 2008 (week from 17.3.2008 to 23.3.2008)",1476,,
"13. Calendar week 2008 (week from 24.3.2008 to 30.3.2008)",1499,,
"14. Calendar week 2008 (week from 31.3.2008 to 6.4.2008)",1499,,
"15. Calendar week 2008 (week from 7.4.2008 to 13.4.2008)",1505,,
"16. Calendar week 2008 (week from 14.4.2008 to 20.4.2008)",1491,,
"17. Calendar week 2008 (week from 21.4.2008 to 27.4.2008)",1375,,
"18. Calendar week 2008 (week from 28.4.2008 to 4.5.2008)",1392,,
"19. Calendar week 2008 (week from 5.5.2008 to 11.5.2008)",1395,,
"20. Calendar week 2008 (week from 12.5.2008 to 18.5.2008)",1391,,
"21. Calendar week 2008 (week from 19.5.2008 to 25.5.2008)",1386,,
"22. Calendar week 2008 (week from 26.5.2008 to 1.6.2008)",1383,,
"23. Calendar week 2008 (week from 2.6.2008 to 8.6.2008)",1334,,
"24. Calendar week 2008 (week from 9.6.2008 to 15.6.2008)",1332,,
"25. Calendar week 2008 (week from 16.6.2008 to 22.6.2008)",1291,,
"26. Calendar week 2008 (week from 23.6.2008 to 29.6.2008)",1377,,
"27. Calendar week 2008 (week from 30.6.2008 to 6.7.2008)",1349,,
"28. Calendar week 2008 (week from 7.7.2008 to 13.7.2008)",1311,,
"29. Calendar week 2008 (week from 14.7.2008 to 20.7.2008)",1307,,
"30. Calendar week 2008 (week from 21.7.2008 to 27.7.2008)",1310,,
"31. Calendar week 2008 (week from 28.7.2008 to 3.8.2008)",1399,,
"32. Calendar week 2008 (week from 4.8.2008 to 10.8.2008)",1270,,
"33. Calendar week 2008 (week from 11.8.2008 to 17.8.2008)",1329,,
"34. Calendar week 2008 (week from 18.8.2008 to 24.8.2008)",1278,,
"35. Calendar week 2008 (week from 25.8.2008 to 31.8.2008)",1314,,
"36. Calendar week 2008 (week from 1.9.2008 to 7.9.2008)",1343,,
"37. Calendar week 2008 (week from 8.9.2008 to 14.9.2008)",1350,,
"38. Calendar week 2008 (week from 15.9.2008 to 21.9.2008)",1347,,
"39. Calendar week 2008 (week from 22.9.2008 to 28.9.2008)",1395,,
"40. Calendar week 2008 (week from 29.9.2008 to 5.10.2008)",1496,,
"41. Calendar week 2008 (week from 6.10.2008 to 12.10.2008)",1457,,
"42. Calendar week 2008 (week from 13.10.2008 to 19.10.2008)",1453,,
"43. Calendar week 2008 (week from 20.10.2008 to 26.10.2008)",1411,,
"44. Calendar week 2008 (week from 27.10.2008 to 2.11.2008)",1413,,
"45. Calendar week 2008 (week from 3.11.2008 to 9.11.2008)",1348,,
"46. Calendar week 2008 (week from 10.11.2008 to 16.11.2008)",1394,,
"47. Calendar week 2008 (week from 17.11.2008 to 23.11.2008)",1421,,
"48. Calendar week 2008 (week from 24.11.2008 to 30.11.2008)",1476,,
"49. Calendar week 2008 (week from 1.12.2008 to 7.12.2008)",1473,,
"50. Calendar week 2008 (week from 8.12.2008 to 14.12.2008)",1487,,
"51. Calendar week 2008 (week from 15.12.2008 to 21.12.2008)",1487,,
"52. Calendar week 2008 (week from 22.12.2008 to 28.12.2008)",1563,,
"1. Calendar week 2009 (week from 29.12.2008 to 4.1.2009)",1676,,
"2. Calendar week 2009 (week from 5.1.2009 to 11.1.2009)",1750,,
"3. Calendar week 2009 (week from 12.1.2009 to 18.1.2009)",1899,,
"4. Calendar week 2009 (week from 19.1.2009 to 25.1.2009)",1966,,
"5. Calendar week 2009 (week from 26.1.2009 to 1.2.2009)",1950,,
"6. Calendar week 2009 (week from 2.2.2009 to 8.2.2009)",1902,,
"7. Calendar week 2009 (week from 9.2.2009 to 15.2.2009)",1705,,
"8. Calendar week 2009 (week from 16.2.2009 to 22.2.2009)",1724,,
"9. Calendar week 2009 (week from 23.2.2009 to 1.3.2009)",1694,,
"10. Calendar week 2009 (week from 2.3.2009 to 8.3.2009)",1600,,
"11. Calendar week 2009 (week from 9.3.2009 to 15.3.2009)",1456,,
"12. Calendar week 2009 (week from 16.3.2009 to 22.3.2009)",1422,,
"13. Calendar week 2009 (week from 23.3.2009 to 29.3.2009)",1475,,
"14. Calendar week 2009 (week from 30.3.2009 to 5.4.2009)",1453,,
"15. Calendar week 2009 (week from 6.4.2009 to 12.4.2009)",1468,,
"16. Calendar week 2009 (week from 13.4.2009 to 19.4.2009)",1428,,
"17. Calendar week 2009 (week from 20.4.2009 to 26.4.2009)",1416,,
"18. Calendar week 2009 (week from 27.4.2009 to 3.5.2009)",1327,,
"19. Calendar week 2009 (week from 4.5.2009 to 10.5.2009)",1439,,
"20. Calendar week 2009 (week from 11.5.2009 to 17.5.2009)",1312,,
"21. Calendar week 2009 (week from 18.5.2009 to 24.5.2009)",1427,,
"22. Calendar week 2009 (week from 25.5.2009 to 31.5.2009)",1353,,
"23. Calendar week 2009 (week from 1.6.2009 to 7.6.2009)",1312,,
"24. Calendar week 2009 (week from 8.6.2009 to 14.6.2009)",1328,,
"25. Calendar week 2009 (week from 15.6.2009 to 21.6.2009)",1308,,
"26. Calendar week 2009 (week from 22.6.2009 to 28.6.2009)",1304,,
"27. Calendar week 2009 (week from 29.6.2009 to 5.7.2009)",1296,,
"28. Calendar week 2009 (week from 6.7.2009 to 12.7.2009)",1299,,
"29. Calendar week 2009 (week from 13.7.2009 to 19.7.2009)",1430,,
"30. Calendar week 2009 (week from 20.7.2009 to 26.7.2009)",1358,,
"31. Calendar week 2009 (week from 27.7.2009 to 2.8.2009)",1330,,
"32. Calendar week 2009 (week from 3.8.2009 to 9.8.2009)",1311,,
"33. Calendar week 2009 (week from 10.8.2009 to 16.8.2009)",1294,,
"34. Calendar week 2009 (week from 17.8.2009 to 23.8.2009)",1440,,
"35. Calendar week 2009 (week from 24.8.2009 to 30.8.2009)",1263,,
"36. Calendar week 2009 (week from 31.8.2009 to 6.9.2009)",1293,,
"37. Calendar week 2009 (week from 7.9.2009 to 13.9.2009)",1301,,
"38. Calendar week 2009 (week from 14.9.2009 to 20.9.2009)",1390,,
"39. Calendar week 2009 (week from 21.9.2009 to 27.9.2009)",1314,,
"40. Calendar week 2009 (week from 28.9.2009 to 4.10.2009)",1323,,
"41. Calendar week 2009 (week from 5.10.2009 to 11.10.2009)",1436,,
"42. Calendar week 2009 (week from 12.10.2009 to 18.10.2009)",1336,,
"43. Calendar week 2009 (week from 19.10.2009 to 25.10.2009)",1475,,
"44. Calendar week 2009 (week from 26.10.2009 to 1.11.2009)",1459,,
"45. Calendar week 2009 (week from 2.11.2009 to 8.11.2009)",1415,,
"46. Calendar week 2009 (week from 9.11.2009 to 15.11.2009)",1389,,
"47. Calendar week 2009 (week from 16.11.2009 to 22.11.2009)",1436,,
"48. Calendar week 2009 (week from 23.11.2009 to 29.11.2009)",1417,,
"49. Calendar week 2009 (week from 30.11.2009 to 6.12.2009)",1426,,
"50. Calendar week 2009 (week from 7.12.2009 to 13.12.2009)",1468,,
"51. Calendar week 2009 (week from 14.12.2009 to 20.12.2009)",1483,,
"52. Calendar week 2009 (week from 21.12.2009 to 27.12.2009)",1562,,
"53. Calendar week 2009 (week from 28.12.2009 to 3.1.2010)",1552,,
"1. Calendar week 2010 (week from 4.1.2010 to 10.1.2010)",1531,,
"2. Calendar week 2010 (week from 11.1.2010 to 17.1.2010)",1562,,
"3. Calendar week 2010 (week from 18.1.2010 to 24.1.2010)",1554,,
"4. Calendar week 2010 (week from 25.1.2010 to 31.1.2010)",1551,,
"5. Calendar week 2010 (week from 1.2.2010 to 7.2.2010)",1523,,
"6. Calendar week 2010 (week from 8.2.2010 to 14.2.2010)",1533,,
"7. Calendar week 2010 (week from 15.2.2010 to 21.2.2010)",1584,,
"8. Calendar week 2010 (week from 22.2.2010 to 28.2.2010)",1636,,
"9. Calendar week 2010 (week from 1.3.2010 to 7.3.2010)",1534,,
"10. Calendar week 2010 (week from 8.3.2010 to 14.3.2010)",1531,,
"11. Calendar week 2010 (week from 15.3.2010 to 21.3.2010)",1538,,
"12. Calendar week 2010 (week from 22.3.2010 to 28.3.2010)",1567,,
"13. Calendar week 2010 (week from 29.3.2010 to 4.4.2010)",1491,,
"14. Calendar week 2010 (week from 5.4.2010 to 11.4.2010)",1329,,
"15. Calendar week 2010 (week from 12.4.2010 to 18.4.2010)",1465,,
"16. Calendar week 2010 (week from 19.4.2010 to 25.4.2010)",1420,,
"17. Calendar week 2010 (week from 26.4.2010 to 2.5.2010)",1436,,
"18. Calendar week 2010 (week from 3.5.2010 to 9.5.2010)",1428,,
"19. Calendar week 2010 (week from 10.5.2010 to 16.5.2010)",1395,,
"20. Calendar week 2010 (week from 17.5.2010 to 23.5.2010)",1366,,
"21. Calendar week 2010 (week from 24.5.2010 to 30.5.2010)",1399,,
"22. Calendar week 2010 (week from 31.5.2010 to 6.6.2010)",1428,,
"23. Calendar week 2010 (week from 7.6.2010 to 13.6.2010)",1541,,
"24. Calendar week 2010 (week from 14.6.2010 to 20.6.2010)",1296,,
"25. Calendar week 2010 (week from 21.6.2010 to 27.6.2010)",1333,,
"26. Calendar week 2010 (week from 28.6.2010 to 4.7.2010)",1485,,
"27. Calendar week 2010 (week from 5.7.2010 to 11.7.2010)",1431,,
"28. Calendar week 2010 (week from 12.7.2010 to 18.7.2010)",1648,,
"29. Calendar week 2010 (week from 19.7.2010 to 25.7.2010)",1350,,
"30. Calendar week 2010 (week from 26.7.2010 to 1.8.2010)",1301,,
"31. Calendar week 2010 (week from 2.8.2010 to 8.8.2010)",1310,,
"32. Calendar week 2010 (week from 9.8.2010 to 15.8.2010)",1409,,
"33. Calendar week 2010 (week from 16.8.2010 to 22.8.2010)",1345,,
"34. Calendar week 2010 (week from 23.8.2010 to 29.8.2010)",1394,,
"35. Calendar week 2010 (week from 30.8.2010 to 5.9.2010)",1288,,
"36. Calendar week 2010 (week from 6.9.2010 to 12.9.2010)",1359,,
"37. Calendar week 2010 (week from 13.9.2010 to 19.9.2010)",1313,,
"38. Calendar week 2010 (week from 20.9.2010 to 26.9.2010)",1452,,
"39. Calendar week 2010 (week from 27.9.2010 to 3.10.2010)",1477,,
"40. Calendar week 2010 (week from 4.10.2010 to 10.10.2010)",1467,,
"41. Calendar week 2010 (week from 11.10.2010 to 17.10.2010)",1437,,
"42. Calendar week 2010 (week from 18.10.2010 to 24.10.2010)",1451,,
"43. Calendar week 2010 (week from 25.10.2010 to 31.10.2010)",1384,,
"44. Calendar week 2010 (week from 1.11.2010 to 7.11.2010)",1505,,
"45. Calendar week 2010 (week from 8.11.2010 to 14.11.2010)",1406,,
"46. Calendar week 2010 (week from 15.11.2010 to 21.11.2010)",1378,,
"47. Calendar week 2010 (week from 22.11.2010 to 28.11.2010)",1424,,
"48. Calendar week 2010 (week from 29.11.2010 to 5.12.2010)",1508,,
"49. Calendar week 2010 (week from 6.12.2010 to 12.12.2010)",1608,,
"50. Calendar week 2010 (week from 13.12.2010 to 19.12.2010)",1640,,
"51. Calendar week 2010 (week from 20.12.2010 to 26.12.2010)",1590,,
"52. Calendar week 2010 (week from 27.12.2010 to 2.1.2011)",1520,,
"1. Calendar week 2011 (week from 3.1.2011 to 9.1.2011)",1553,,
"2. Calendar week 2011 (week from 10.1.2011 to 16.1.2011)",1655,,
"3. Calendar week 2011 (week from 17.1.2011 to 23.1.2011)",1489,,
"4. Calendar week 2011 (week from 24.1.2011 to 30.1.2011)",1538,,
"5. Calendar week 2011 (week from 31.1.2011 to 6.2.2011)",1500,,
"6. Calendar week 2011 (week from 7.2.2011 to 13.2.2011)",1576,,
"7. Calendar week 2011 (week from 14.2.2011 to 20.2.2011)",1610,,
"8. Calendar week 2011 (week from 21.2.2011 to 27.2.2011)",1562,,
"9. Calendar week 2011 (week from 28.2.2011 to 6.3.2011)",1497,,
"10. Calendar week 2011 (week from 7.3.2011 to 13.3.2011)",1570,,
"11. Calendar week 2011 (week from 14.3.2011 to 20.3.2011)",1562,,
"12. Calendar week 2011 (week from 21.3.2011 to 27.3.2011)",1524,,
"13. Calendar week 2011 (week from 28.3.2011 to 3.4.2011)",1481,,
"14. Calendar week 2011 (week from 4.4.2011 to 10.4.2011)",1438,,
"15. Calendar week 2011 (week from 11.4.2011 to 17.4.2011)",1404,,
"16. Calendar week 2011 (week from 18.4.2011 to 24.4.2011)",1468,,
"17. Calendar week 2011 (week from 25.4.2011 to 1.5.2011)",1456,,
"18. Calendar week 2011 (week from 2.5.2011 to 8.5.2011)",1381,,
"19. Calendar week 2011 (week from 9.5.2011 to 15.5.2011)",1438,,
"20. Calendar week 2011 (week from 16.5.2011 to 22.5.2011)",1326,,
"21. Calendar week 2011 (week from 23.5.2011 to 29.5.2011)",1453,,
"22. Calendar week 2011 (week from 30.5.2011 to 5.6.2011)",1338,,
"23. Calendar week 2011 (week from 6.6.2011 to 12.6.2011)",1360,,
"24. Calendar week 2011 (week from 13.6.2011 to 19.6.2011)",1317,,
"25. Calendar week 2011 (week from 20.6.2011 to 26.6.2011)",1364,,
"26. Calendar week 2011 (week from 27.6.2011 to 3.7.2011)",1322,,
"27. Calendar week 2011 (week from 4.7.2011 to 10.7.2011)",1439,,
"28. Calendar week 2011 (week from 11.7.2011 to 17.7.2011)",1401,,
"29. Calendar week 2011 (week from 18.7.2011 to 24.7.2011)",1308,,
"30. Calendar week 2011 (week from 25.7.2011 to 31.7.2011)",1293,,
"31. Calendar week 2011 (week from 1.8.2011 to 7.8.2011)",1331,,
"32. Calendar week 2011 (week from 8.8.2011 to 14.8.2011)",1291,,
"33. Calendar week 2011 (week from 15.8.2011 to 21.8.2011)",1395,,
"34. Calendar week 2011 (week from 22.8.2011 to 28.8.2011)",1497,,
"35. Calendar week 2011 (week from 29.8.2011 to 4.9.2011)",1363,,
"36. Calendar week 2011 (week from 5.9.2011 to 11.9.2011)",1350,,
"37. Calendar week 2011 (week from 12.9.2011 to 18.9.2011)",1240,,
"38. Calendar week 2011 (week from 19.9.2011 to 25.9.2011)",1410,,
"39. Calendar week 2011 (week from 26.9.2011 to 2.10.2011)",1321,,
"40. Calendar week 2011 (week from 3.10.2011 to 9.10.2011)",1368,,
"41. Calendar week 2011 (week from 10.10.2011 to 16.10.2011)",1425,,
"42. Calendar week 2011 (week from 17.10.2011 to 23.10.2011)",1417,,
"43. Calendar week 2011 (week from 24.10.2011 to 30.10.2011)",1448,,
"44. Calendar week 2011 (week from 31.10.2011 to 6.11.2011)",1459,,
"45. Calendar week 2011 (week from 7.11.2011 to 13.11.2011)",1405,,
"46. Calendar week 2011 (week from 14.11.2011 to 20.11.2011)",1481,,
"47. Calendar week 2011 (week from 21.11.2011 to 27.11.2011)",1552,,
"48. Calendar week 2011 (week from 28.11.2011 to 4.12.2011)",1518,,
"49. Calendar week 2011 (week from 5.12.2011 to 11.12.2011)",1518,,
"50. Calendar week 2011 (week from 12.12.2011 to 18.12.2011)",1558,,
"51. Calendar week 2011 (week from 19.12.2011 to 25.12.2011)",1562,,
"52. Calendar week 2011 (week from 26.12.2011 to 1.1.2012)",1592,,
"1. Calendar week 2012 (week from 2.1.2012 to 8.1.2012)",1546,,
"2. Calendar week 2012 (week from 9.1.2012 to 15.1.2012)",1545,,
"3. Calendar week 2012 (week from 16.1.2012 to 22.1.2012)",1565,,
"4. Calendar week 2012 (week from 23.1.2012 to 29.1.2012)",1582,,
"5. Calendar week 2012 (week from 30.1.2012 to 5.2.2012)",1518,,
"6. Calendar week 2012 (week from 6.2.2012 to 12.2.2012)",1737,,
"7. Calendar week 2012 (week from 13.2.2012 to 19.2.2012)",1873,,
"8. Calendar week 2012 (week from 20.2.2012 to 26.2.2012)",1770,,
"9. Calendar week 2012 (week from 27.2.2012 to 4.3.2012)",1787,,
"10. Calendar week 2012 (week from 5.3.2012 to 11.3.2012)",1731,,
"11. Calendar week 2012 (week from 12.3.2012 to 18.3.2012)",1738,,
"12. Calendar week 2012 (week from 19.3.2012 to 25.3.2012)",1622,,
"13. Calendar week 2012 (week from 26.3.2012 to 1.4.2012)",1627,,
"14. Calendar week 2012 (week from 2.4.2012 to 8.4.2012)",1493,,
"15. Calendar week 2012 (week from 9.4.2012 to 15.4.2012)",1473,,
"16. Calendar week 2012 (week from 16.4.2012 to 22.4.2012)",1483,,
"17. Calendar week 2012 (week from 23.4.2012 to 29.4.2012)",1488,,
"18. Calendar week 2012 (week from 30.4.2012 to 6.5.2012)",1490,,
"19. Calendar week 2012 (week from 7.5.2012 to 13.5.2012)",1424,,
"20. Calendar week 2012 (week from 14.5.2012 to 20.5.2012)",1419,,
"21. Calendar week 2012 (week from 21.5.2012 to 27.5.2012)",1431,,
"22. Calendar week 2012 (week from 28.5.2012 to 3.6.2012)",1358,,
"23. Calendar week 2012 (week from 4.6.2012 to 10.6.2012)",1395,,
"24. Calendar week 2012 (week from 11.6.2012 to 17.6.2012)",1327,,
"25. Calendar week 2012 (week from 18.6.2012 to 24.6.2012)",1531,,
"26. Calendar week 2012 (week from 25.6.2012 to 1.7.2012)",1444,,
"27. Calendar week 2012 (week from 2.7.2012 to 8.7.2012)",1540,,
"28. Calendar week 2012 (week from 9.7.2012 to 15.7.2012)",1316,,
"29. Calendar week 2012 (week from 16.7.2012 to 22.7.2012)",1337,,
"30. Calendar week 2012 (week from 23.7.2012 to 29.7.2012)",1410,,
"31. Calendar week 2012 (week from 30.7.2012 to 5.8.2012)",1363,,
"32. Calendar week 2012 (week from 6.8.2012 to 12.8.2012)",1289,,
"33. Calendar week 2012 (week from 13.8.2012 to 19.8.2012)",1303,,
"34. Calendar week 2012 (week from 20.8.2012 to 26.8.2012)",1480,,
"35. Calendar week 2012 (week from 27.8.2012 to 2.9.2012)",1279,,
"36. Calendar week 2012 (week from 3.9.2012 to 9.9.2012)",1346,,
"37. Calendar week 2012 (week from 10.9.2012 to 16.9.2012)",1374,,
"38. Calendar week 2012 (week from 17.9.2012 to 23.9.2012)",1371,,
"39. Calendar week 2012 (week from 24.9.2012 to 30.9.2012)",1464,,
"40. Calendar week 2012 (week from 1.10.2012 to 7.10.2012)",1396,,
"41. Calendar week 2012 (week from 8.10.2012 to 14.10.2012)",1411,,
"42. Calendar week 2012 (week from 15.10.2012 to 21.10.2012)",1482,,
"43. Calendar week 2012 (week from 22.10.2012 to 28.10.2012)",1458,,
"44. Calendar week 2012 (week from 29.10.2012 to 4.11.2012)",1520,,
"45. Calendar week 2012 (week from 5.11.2012 to 11.11.2012)",1471,,
"46. Calendar week 2012 (week from 12.11.2012 to 18.11.2012)",1466,,
"47. Calendar week 2012 (week from 19.11.2012 to 25.11.2012)",1501,,
"48. Calendar week 2012 (week from 26.11.2012 to 2.12.2012)",1441,,
"49. Calendar week 2012 (week from 3.12.2012 to 9.12.2012)",1499,,
"50. Calendar week 2012 (week from 10.12.2012 to 16.12.2012)",1658,,
"51. Calendar week 2012 (week from 17.12.2012 to 23.12.2012)",1579,,
"52. Calendar week 2012 (week from 24.12.2012 to 30.12.2012)",1570,,
"1. Calendar week 2013 (week from 31.12.2012 to 6.1.2013)",1613,,
"2. Calendar week 2013 (week from 7.1.2013 to 13.1.2013)",1631,,
"3. Calendar week 2013 (week from 14.1.2013 to 20.1.2013)",1585,,
"4. Calendar week 2013 (week from 21.1.2013 to 27.1.2013)",1567,,
"5. Calendar week 2013 (week from 28.1.2013 to 3.2.2013)",1728,,
"6. Calendar week 2013 (week from 4.2.2013 to 10.2.2013)",1735,,
"7. Calendar week 2013 (week from 11.2.2013 to 17.2.2013)",1793,,
"8. Calendar week 2013 (week from 18.2.2013 to 24.2.2013)",1686,,
"9. Calendar week 2013 (week from 25.2.2013 to 3.3.2013)",1650,,
"10. Calendar week 2013 (week from 4.3.2013 to 10.3.2013)",1701,,
"11. Calendar week 2013 (week from 11.3.2013 to 17.3.2013)",1663,,
"12. Calendar week 2013 (week from 18.3.2013 to 24.3.2013)",1670,,
"13. Calendar week 2013 (week from 25.3.2013 to 31.3.2013)",1626,,
"14. Calendar week 2013 (week from 1.4.2013 to 7.4.2013)",1591,,
"15. Calendar week 2013 (week from 8.4.2013 to 14.4.2013)",1601,,
"16. Calendar week 2013 (week from 15.4.2013 to 21.4.2013)",1548,,
"17. Calendar week 2013 (week from 22.4.2013 to 28.4.2013)",1503,,
"18. Calendar week 2013 (week from 29.4.2013 to 5.5.2013)",1376,,
"19. Calendar week 2013 (week from 6.5.2013 to 12.5.2013)",1410,,
"20. Calendar week 2013 (week from 13.5.2013 to 19.5.2013)",1422,,
"21. Calendar week 2013 (week from 20.5.2013 to 26.5.2013)",1372,,
"22. Calendar week 2013 (week from 27.5.2013 to 2.6.2013)",1444,,
"23. Calendar week 2013 (week from 3.6.2013 to 9.6.2013)",1436,,
"24. Calendar week 2013 (week from 10.6.2013 to 16.6.2013)",1406,,
"25. Calendar week 2013 (week from 17.6.2013 to 23.6.2013)",1608,,
"26. Calendar week 2013 (week from 24.6.2013 to 30.6.2013)",1335,,
"27. Calendar week 2013 (week from 1.7.2013 to 7.7.2013)",1405,,
"28. Calendar week 2013 (week from 8.7.2013 to 14.7.2013)",1343,,
"29. Calendar week 2013 (week from 15.7.2013 to 21.7.2013)",1389,,
"30. Calendar week 2013 (week from 22.7.2013 to 28.7.2013)",1503,,
"31. Calendar week 2013 (week from 29.7.2013 to 4.8.2013)",1572,,
"32. Calendar week 2013 (week from 5.8.2013 to 11.8.2013)",1616,,
"33. Calendar week 2013 (week from 12.8.2013 to 18.8.2013)",1371,,
"34. Calendar week 2013 (week from 19.8.2013 to 25.8.2013)",1327,,
"35. Calendar week 2013 (week from 26.8.2013 to 1.9.2013)",1296,,
"36. Calendar week 2013 (week from 2.9.2013 to 8.9.2013)",1452,,
"37. Calendar week 2013 (week from 9.9.2013 to 15.9.2013)",1336,,
"38. Calendar week 2013 (week from 16.9.2013 to 22.9.2013)",1419,,
"39. Calendar week 2013 (week from 23.9.2013 to 29.9.2013)",1362,,
"40. Calendar week 2013 (week from 30.9.2013 to 6.10.2013)",1403,,
"41. Calendar week 2013 (week from 7.10.2013 to 13.10.2013)",1484,,
"42. Calendar week 2013 (week from 14.10.2013 to 20.10.2013)",1413,,
"43. Calendar week 2013 (week from 21.10.2013 to 27.10.2013)",1451,,
"44. Calendar week 2013 (week from 28.10.2013 to 3.11.2013)",1392,,
"45. Calendar week 2013 (week from 4.11.2013 to 10.11.2013)",1435,,
"46. Calendar week 2013 (week from 11.11.2013 to 17.11.2013)",1439,,
"47. Calendar week 2013 (week from 18.11.2013 to 24.11.2013)",1453,,
"48. Calendar week 2013 (week from 25.11.2013 to 1.12.2013)",1436,,
"49. Calendar week 2013 (week from 2.12.2013 to 8.12.2013)",1509,,
"50. Calendar week 2013 (week from 9.12.2013 to 15.12.2013)",1500,,
"51. Calendar week 2013 (week from 16.12.2013 to 22.12.2013)",1482,,
"52. Calendar week 2013 (week from 23.12.2013 to 29.12.2013)",1515,,
"1. Calendar week 2014 (week from 30.12.2013 to 5.1.2014)",1527,,
"2. Calendar week 2014 (week from 6.1.2014 to 12.1.2014)",1524,,
"3. Calendar week 2014 (week from 13.1.2014 to 19.1.2014)",1554,,
"4. Calendar week 2014 (week from 20.1.2014 to 26.1.2014)",1441,,
"5. Calendar week 2014 (week from 27.1.2014 to 2.2.2014)",1548,,
"6. Calendar week 2014 (week from 3.2.2014 to 9.2.2014)",1659,,
"7. Calendar week 2014 (week from 10.2.2014 to 16.2.2014)",1659,,
"8. Calendar week 2014 (week from 17.2.2014 to 23.2.2014)",1581,,
"9. Calendar week 2014 (week from 24.2.2014 to 2.3.2014)",1597,,
"10. Calendar week 2014 (week from 3.3.2014 to 9.3.2014)",1540,,
"11. Calendar week 2014 (week from 10.3.2014 to 16.3.2014)",1627,,
"12. Calendar week 2014 (week from 17.3.2014 to 23.3.2014)",1585,,
"13. Calendar week 2014 (week from 24.3.2014 to 30.3.2014)",1475,,
"14. Calendar week 2014 (week from 31.3.2014 to 6.4.2014)",1567,,
"15. Calendar week 2014 (week from 7.4.2014 to 13.4.2014)",1475,,
"16. Calendar week 2014 (week from 14.4.2014 to 20.4.2014)",1506,,
"17. Calendar week 2014 (week from 21.4.2014 to 27.4.2014)",1463,,
"18. Calendar week 2014 (week from 28.4.2014 to 4.5.2014)",1504,,
"19. Calendar week 2014 (week from 5.5.2014 to 11.5.2014)",1516,,
"20. Calendar week 2014 (week from 12.5.2014 to 18.5.2014)",1380,,
"21. Calendar week 2014 (week from 19.5.2014 to 25.5.2014)",1500,,
"22. Calendar week 2014 (week from 26.5.2014 to 1.6.2014)",1424,,
"23. Calendar week 2014 (week from 2.6.2014 to 8.6.2014)",1378,,
"24. Calendar week 2014 (week from 9.6.2014 to 15.6.2014)",1449,,
"25. Calendar week 2014 (week from 16.6.2014 to 22.6.2014)",1418,,
"26. Calendar week 2014 (week from 23.6.2014 to 29.6.2014)",1477,,
"27. Calendar week 2014 (week from 30.6.2014 to 6.7.2014)",1368,,
"28. Calendar week 2014 (week from 7.7.2014 to 13.7.2014)",1371,,
"29. Calendar week 2014 (week from 14.7.2014 to 20.7.2014)",1410,,
"30. Calendar week 2014 (week from 21.7.2014 to 27.7.2014)",1403,,
"31. Calendar week 2014 (week from 28.7.2014 to 3.8.2014)",1295,,
"32. Calendar week 2014 (week from 4.8.2014 to 10.8.2014)",1376,,
"33. Calendar week 2014 (week from 11.8.2014 to 17.8.2014)",1307,,
"34. Calendar week 2014 (week from 18.8.2014 to 24.8.2014)",1341,,
"35. Calendar week 2014 (week from 25.8.2014 to 31.8.2014)",1378,,
"36. Calendar week 2014 (week from 1.9.2014 to 7.9.2014)",1423,,
"37. Calendar week 2014 (week from 8.9.2014 to 14.9.2014)",1366,,
"38. Calendar week 2014 (week from 15.9.2014 to 21.9.2014)",1426,,
"39. Calendar week 2014 (week from 22.9.2014 to 28.9.2014)",1387,,
"40. Calendar week 2014 (week from 29.9.2014 to 5.10.2014)",1447,,
"41. Calendar week 2014 (week from 6.10.2014 to 12.10.2014)",1454,,
"42. Calendar week 2014 (week from 13.10.2014 to 19.10.2014)",1427,,
"43. Calendar week 2014 (week from 20.10.2014 to 26.10.2014)",1447,,
"44. Calendar week 2014 (week from 27.10.2014 to 2.11.2014)",1439,,
"45. Calendar week 2014 (week from 3.11.2014 to 9.11.2014)",1544,,
"46. Calendar week 2014 (week from 10.11.2014 to 16.11.2014)",1468,,
"47. Calendar week 2014 (week from 17.11.2014 to 23.11.2014)",1498,,
"48. Calendar week 2014 (week from 24.11.2014 to 30.11.2014)",1526,,
"49. Calendar week 2014 (week from 1.12.2014 to 7.12.2014)",1546,,
"50. Calendar week 2014 (week from 8.12.2014 to 14.12.2014)",1565,,
"51. Calendar week 2014 (week from 15.12.2014 to 21.12.2014)",1585,,
"52. Calendar week 2014 (week from 22.12.2014 to 28.12.2014)",1603,,
"1. Calendar week 2015 (week from 29.12.2014 to 4.1.2015)",1693,,
"2. Calendar week 2015 (week from 5.1.2015 to 11.1.2015)",1768,,
"3. Calendar week 2015 (week from 12.1.2015 to 18.1.2015)",1837,,
"4. Calendar week 2015 (week from 19.1.2015 to 25.1.2015)",1792,,
"5. Calendar week 2015 (week from 26.1.2015 to 1.2.2015)",1837,,
"6. Calendar week 2015 (week from 2.2.2015 to 8.2.2015)",1926,,
"7. Calendar week 2015 (week from 9.2.2015 to 15.2.2015)",1992,,
"8. Calendar week 2015 (week from 16.2.2015 to 22.2.2015)",2020,,
"9. Calendar week 2015 (week from 23.2.2015 to 1.3.2015)",1883,,
"10. Calendar week 2015 (week from 2.3.2015 to 8.3.2015)",1846,,
"11. Calendar week 2015 (week from 9.3.2015 to 15.3.2015)",1763,,
"12. Calendar week 2015 (week from 16.3.2015 to 22.3.2015)",1696,,
"13. Calendar week 2015 (week from 23.3.2015 to 29.3.2015)",1725,,
"14. Calendar week 2015 (week from 30.3.2015 to 5.4.2015)",1604,,
"15. Calendar week 2015 (week from 6.4.2015 to 12.4.2015)",1563,,
"16. Calendar week 2015 (week from 13.4.2015 to 19.4.2015)",1614,,
"17. Calendar week 2015 (week from 20.4.2015 to 26.4.2015)",1547,,
"18. Calendar week 2015 (week from 27.4.2015 to 3.5.2015)",1453,,
"19. Calendar week 2015 (week from 4.5.2015 to 10.5.2015)",1452,,
"20. Calendar week 2015 (week from 11.5.2015 to 17.5.2015)",1461,,
"21. Calendar week 2015 (week from 18.5.2015 to 24.5.2015)",1396,,
"22. Calendar week 2015 (week from 25.5.2015 to 31.5.2015)",1304,,
"23. Calendar week 2015 (week from 1.6.2015 to 7.6.2015)",1437,,
"24. Calendar week 2015 (week from 8.6.2015 to 14.6.2015)",1502,,
"25. Calendar week 2015 (week from 15.6.2015 to 21.6.2015)",1285,,
"26. Calendar week 2015 (week from 22.6.2015 to 28.6.2015)",1374,,
"27. Calendar week 2015 (week from 29.6.2015 to 5.7.2015)",1487,,
"28. Calendar week 2015 (week from 6.7.2015 to 12.7.2015)",1476,,
"29. Calendar week 2015 (week from 13.7.2015 to 19.7.2015)",1475,,
"30. Calendar week 2015 (week from 20.7.2015 to 26.7.2015)",1633,,
"31. Calendar week 2015 (week from 27.7.2015 to 2.8.2015)",1446,,
"32. Calendar week 2015 (week from 3.8.2015 to 9.8.2015)",1500,,
"33. Calendar week 2015 (week from 10.8.2015 to 16.8.2015)",1692,,
"34. Calendar week 2015 (week from 17.8.2015 to 23.8.2015)",1376,,
"35. Calendar week 2015 (week from 24.8.2015 to 30.8.2015)",1476,,
"36. Calendar week 2015 (week from 31.8.2015 to 6.9.2015)",1389,,
"37. Calendar week 2015 (week from 7.9.2015 to 13.9.2015)",1447,,
"38. Calendar week 2015 (week from 14.9.2015 to 20.9.2015)",1459,,
"39. Calendar week 2015 (week from 21.9.2015 to 27.9.2015)",1410,,
"40. Calendar week 2015 (week from 28.9.2015 to 4.10.2015)",1494,,
"41. Calendar week 2015 (week from 5.10.2015 to 11.10.2015)",1409,,
"42. Calendar week 2015 (week from 12.10.2015 to 18.10.2015)",1481,,
"43. Calendar week 2015 (week from 19.10.2015 to 25.10.2015)",1498,,
"44. Calendar week 2015 (week from 26.10.2015 to 1.11.2015)",1433,,
"45. Calendar week 2015 (week from 2.11.2015 to 8.11.2015)",1460,,
"46. Calendar week 2015 (week from 9.11.2015 to 15.11.2015)",1527,,
"47. Calendar week 2015 (week from 16.11.2015 to 22.11.2015)",1486,,
"48. Calendar week 2015 (week from 23.11.2015 to 29.11.2015)",1488,,
"49. Calendar week 2015 (week from 30.11.2015 to 6.12.2015)",1509,,
"50. Calendar week 2015 (week from 7.12.2015 to 13.12.2015)",1517,,
"51. Calendar week 2015 (week from 14.12.2015 to 20.12.2015)",1538,,
"52. Calendar week 2015 (week from 21.12.2015 to 27.12.2015)",1545,,
"53. Calendar week 2015 (week from 28.12.2015 to 3.1.2016)",1537,,
"1. Calendar week 2016 (week from 4.1.2016 to 10.1.2016)",1634,,
"2. Calendar week 2016 (week from 11.1.2016 to 17.1.2016)",1626,,
"3. Calendar week 2016 (week from 18.1.2016 to 24.1.2016)",1608,,
"4. Calendar week 2016 (week from 25.1.2016 to 31.1.2016)",1578,,
"5. Calendar week 2016 (week from 1.2.2016 to 7.2.2016)",1609,,
"6. Calendar week 2016 (week from 8.2.2016 to 14.2.2016)",1650,,
"7. Calendar week 2016 (week from 15.2.2016 to 21.2.2016)",1621,,
"8. Calendar week 2016 (week from 22.2.2016 to 28.2.2016)",1581,,
"9. Calendar week 2016 (week from 29.2.2016 to 6.3.2016)",1714,,
"10. Calendar week 2016 (week from 7.3.2016 to 13.3.2016)",1532,,
"11. Calendar week 2016 (week from 14.3.2016 to 20.3.2016)",1516,,
"12. Calendar week 2016 (week from 21.3.2016 to 27.3.2016)",1499,,
"13. Calendar week 2016 (week from 28.3.2016 to 3.4.2016)",1598,,
"14. Calendar week 2016 (week from 4.4.2016 to 10.4.2016)",1562,,
"15. Calendar week 2016 (week from 11.4.2016 to 17.4.2016)",1520,,
"16. Calendar week 2016 (week from 18.4.2016 to 24.4.2016)",1413,,
"17. Calendar week 2016 (week from 25.4.2016 to 1.5.2016)",1460,,
"18. Calendar week 2016 (week from 2.5.2016 to 8.5.2016)",1447,,
"19. Calendar week 2016 (week from 9.5.2016 to 15.5.2016)",1486,,
"20. Calendar week 2016 (week from 16.5.2016 to 22.5.2016)",1453,,
"21. Calendar week 2016 (week from 23.5.2016 to 29.5.2016)",1505,,
"22. Calendar week 2016 (week from 30.5.2016 to 5.6.2016)",1402,,
"23. Calendar week 2016 (week from 6.6.2016 to 12.6.2016)",1360,,
"24. Calendar week 2016 (week from 13.6.2016 to 19.6.2016)",1348,,
"25. Calendar week 2016 (week from 20.6.2016 to 26.6.2016)",1452,,
"26. Calendar week 2016 (week from 27.6.2016 to 3.7.2016)",1338,,
"27. Calendar week 2016 (week from 4.7.2016 to 10.7.2016)",1328,,
"28. Calendar week 2016 (week from 11.7.2016 to 17.7.2016)",1323,,
"29. Calendar week 2016 (week from 18.7.2016 to 24.7.2016)",1458,,
"30. Calendar week 2016 (week from 25.7.2016 to 31.7.2016)",1424,,
"31. Calendar week 2016 (week from 1.8.2016 to 7.8.2016)",1390,,
"32. Calendar week 2016 (week from 8.8.2016 to 14.8.2016)",1359,,
"33. Calendar week 2016 (week from 15.8.2016 to 21.8.2016)",1394,,
"34. Calendar week 2016 (week from 22.8.2016 to 28.8.2016)",1408,,
"35. Calendar week 2016 (week from 29.8.2016 to 4.9.2016)",1414,,
"36. Calendar week 2016 (week from 5.9.2016 to 11.9.2016)",1380,,
"37. Calendar week 2016 (week from 12.9.2016 to 18.9.2016)",1392,,
"38. Calendar week 2016 (week from 19.9.2016 to 25.9.2016)",1376,,
"39. Calendar week 2016 (week from 26.9.2016 to 2.10.2016)",1442,,
"40. Calendar week 2016 (week from 3.10.2016 to 9.10.2016)",1469,,
"41. Calendar week 2016 (week from 10.10.2016 to 16.10.2016)",1556,,
"42. Calendar week 2016 (week from 17.10.2016 to 23.10.2016)",1607,,
"43. Calendar week 2016 (week from 24.10.2016 to 30.10.2016)",1522,,
"44. Calendar week 2016 (week from 31.10.2016 to 6.11.2016)",1484,,
"45. Calendar week 2016 (week from 7.11.2016 to 13.11.2016)",1541,,
"46. Calendar week 2016 (week from 14.11.2016 to 20.11.2016)",1616,,
"47. Calendar week 2016 (week from 21.11.2016 to 27.11.2016)",1550,,
"48. Calendar week 2016 (week from 28.11.2016 to 4.12.2016)",1601,,
"49. Calendar week 2016 (week from 5.12.2016 to 11.12.2016)",1619,,
"50. Calendar week 2016 (week from 12.12.2016 to 18.12.2016)",1670,,
"51. Calendar week 2016 (week from 19.12.2016 to 25.12.2016)",1847,,
"52. Calendar week 2016 (week from 26.12.2016 to 1.1.2017)",2160,,
"1. Calendar week 2017 (week from 2.1.2017 to 8.1.2017)",2293,,
"2. Calendar week 2017 (week from 9.1.2017 to 15.1.2017)",2340,,
"3. Calendar week 2017 (week from 16.1.2017 to 22.1.2017)",2060,,
"4. Calendar week 2017 (week from 23.1.2017 to 29.1.2017)",1938,,
"5. Calendar week 2017 (week from 30.1.2017 to 5.2.2017)",2045,,
"6. Calendar week 2017 (week from 6.2.2017 to 12.2.2017)",1874,,
"7. Calendar week 2017 (week from 13.2.2017 to 19.2.2017)",1750,,
"8. Calendar week 2017 (week from 20.2.2017 to 26.2.2017)",1807,,
"9. Calendar week 2017 (week from 27.2.2017 to 5.3.2017)",1696,,
"10. Calendar week 2017 (week from 6.3.2017 to 12.3.2017)",1614,,
"11. Calendar week 2017 (week from 13.3.2017 to 19.3.2017)",1542,,
"12. Calendar week 2017 (week from 20.3.2017 to 26.3.2017)",1535,,
"13. Calendar week 2017 (week from 27.3.2017 to 2.4.2017)",1489,,
"14. Calendar week 2017 (week from 3.4.2017 to 9.4.2017)",1537,,
"15. Calendar week 2017 (week from 10.4.2017 to 16.4.2017)",1532,,
"16. Calendar week 2017 (week from 17.4.2017 to 23.4.2017)",1475,,
"17. Calendar week 2017 (week from 24.4.2017 to 30.4.2017)",1440,,
"18. Calendar week 2017 (week from 1.5.2017 to 7.5.2017)",1527,,
"19. Calendar week 2017 (week from 8.5.2017 to 14.5.2017)",1434,,
"20. Calendar week 2017 (week from 15.5.2017 to 21.5.2017)",1501,,
"21. Calendar week 2017 (week from 22.5.2017 to 28.5.2017)",1327,,
"22. Calendar week 2017 (week from 29.5.2017 to 4.6.2017)",1456,,
"23. Calendar week 2017 (week from 5.6.2017 to 11.6.2017)",1312,,
"24. Calendar week 2017 (week from 12.6.2017 to 18.6.2017)",1421,,
"25. Calendar week 2017 (week from 19.6.2017 to 25.6.2017)",1476,,
"26. Calendar week 2017 (week from 26.6.2017 to 2.7.2017)",1419,,
"27. Calendar week 2017 (week from 3.7.2017 to 9.7.2017)",1413,,
"28. Calendar week 2017 (week from 10.7.2017 to 16.7.2017)",1346,,
"29. Calendar week 2017 (week from 17.7.2017 to 23.7.2017)",1475,,
"30. Calendar week 2017 (week from 24.7.2017 to 30.7.2017)",1375,,
"31. Calendar week 2017 (week from 31.7.2017 to 6.8.2017)",1616,,
"32. Calendar week 2017 (week from 7.8.2017 to 13.8.2017)",1334,,
"33. Calendar week 2017 (week from 14.8.2017 to 20.8.2017)",1380,,
"34. Calendar week 2017 (week from 21.8.2017 to 27.8.2017)",1472,,
"35. Calendar week 2017 (week from 28.8.2017 to 3.9.2017)",1329,,
"36. Calendar week 2017 (week from 4.9.2017 to 10.9.2017)",1318,,
"37. Calendar week 2017 (week from 11.9.2017 to 17.9.2017)",1426,,
"38. Calendar week 2017 (week from 18.9.2017 to 24.9.2017)",1407,,
"39. Calendar week 2017 (week from 25.9.2017 to 1.10.2017)",1496,,
"40. Calendar week 2017 (week from 2.10.2017 to 8.10.2017)",1481,,
"41. Calendar week 2017 (week from 9.10.2017 to 15.10.2017)",1529,,
"42. Calendar week 2017 (week from 16.10.2017 to 22.10.2017)",1453,,
"43. Calendar week 2017 (week from 23.10.2017 to 29.10.2017)",1489,,
"44. Calendar week 2017 (week from 30.10.2017 to 5.11.2017)",1551,,
"45. Calendar week 2017 (week from 6.11.2017 to 12.11.2017)",1490,,
"46. Calendar week 2017 (week from 13.11.2017 to 19.11.2017)",1505,,
"47. Calendar week 2017 (week from 20.11.2017 to 26.11.2017)",1570,,
"48. Calendar week 2017 (week from 27.11.2017 to 3.12.2017)",1531,,
"49. Calendar week 2017 (week from 4.12.2017 to 10.12.2017)",1632,,
"50. Calendar week 2017 (week from 11.12.2017 to 17.12.2017)",1554,,
"51. Calendar week 2017 (week from 18.12.2017 to 24.12.2017)",1653,,
"52. Calendar week 2017 (week from 25.12.2017 to 31.12.2017)",1646,,
"1. Calendar week 2018 (week from 1.1.2018 to 7.1.2018)",1767,,
"2. Calendar week 2018 (week from 8.1.2018 to 14.1.2018)",1842,,
"3. Calendar week 2018 (week from 15.1.2018 to 21.1.2018)",1786,,
"4. Calendar week 2018 (week from 22.1.2018 to 28.1.2018)",1714,,
"5. Calendar week 2018 (week from 29.1.2018 to 4.2.2018)",1870,,
"6. Calendar week 2018 (week from 5.2.2018 to 11.2.2018)",1938,,
"7. Calendar week 2018 (week from 12.2.2018 to 18.2.2018)",1881,,
"8. Calendar week 2018 (week from 19.2.2018 to 25.2.2018)",1951,,
"9. Calendar week 2018 (week from 26.2.2018 to 4.3.2018)",2021,,
"10. Calendar week 2018 (week from 5.3.2018 to 11.3.2018)",1965,,
"11. Calendar week 2018 (week from 12.3.2018 to 18.3.2018)",1946,,
"12. Calendar week 2018 (week from 19.3.2018 to 25.3.2018)",1641,,
"13. Calendar week 2018 (week from 26.3.2018 to 1.4.2018)",1766,,
"14. Calendar week 2018 (week from 2.4.2018 to 8.4.2018)",1617,,
"15. Calendar week 2018 (week from 9.4.2018 to 15.4.2018)",1560,,
"16. Calendar week 2018 (week from 16.4.2018 to 22.4.2018)",1557,,
"17. Calendar week 2018 (week from 23.4.2018 to 29.4.2018)",1383,,
"18. Calendar week 2018 (week from 30.4.2018 to 6.5.2018)",1434,,
"19. Calendar week 2018 (week from 7.5.2018 to 13.5.2018)",1372,,
"20. Calendar week 2018 (week from 14.5.2018 to 20.5.2018)",1342,,
"21. Calendar week 2018 (week from 21.5.2018 to 27.5.2018)",1383,,
"22. Calendar week 2018 (week from 28.5.2018 to 3.6.2018)",1415,,
"23. Calendar week 2018 (week from 4.6.2018 to 10.6.2018)",1433,,
"24. Calendar week 2018 (week from 11.6.2018 to 17.6.2018)",1392,,
"25. Calendar week 2018 (week from 18.6.2018 to 24.6.2018)",1401,,
"26. Calendar week 2018 (week from 25.6.2018 to 1.7.2018)",1414,,
"27. Calendar week 2018 (week from 2.7.2018 to 8.7.2018)",1441,,
"28. Calendar week 2018 (week from 9.7.2018 to 15.7.2018)",1404,,
"29. Calendar week 2018 (week from 16.7.2018 to 22.7.2018)",1511,,
"30. Calendar week 2018 (week from 23.7.2018 to 29.7.2018)",1455,,
"31. Calendar week 2018 (week from 30.7.2018 to 5.8.2018)",1615,,
"32. Calendar week 2018 (week from 6.8.2018 to 12.8.2018)",1532,,
"33. Calendar week 2018 (week from 13.8.2018 to 19.8.2018)",1430,,
"34. Calendar week 2018 (week from 20.8.2018 to 26.8.2018)",1460,,
"35. Calendar week 2018 (week from 27.8.2018 to 2.9.2018)",1414,,
"36. Calendar week 2018 (week from 3.9.2018 to 9.9.2018)",1376,,
"37. Calendar week 2018 (week from 10.9.2018 to 16.9.2018)",1452,,
"38. Calendar week 2018 (week from 17.9.2018 to 23.9.2018)",1421,,
"39. Calendar week 2018 (week from 24.9.2018 to 30.9.2018)",1436,,
"40. Calendar week 2018 (week from 1.10.2018 to 7.10.2018)",1553,,
"41. Calendar week 2018 (week from 8.10.2018 to 14.10.2018)",1509,,
"42. Calendar week 2018 (week from 15.10.2018 to 21.10.2018)",1488,,
"43. Calendar week 2018 (week from 22.10.2018 to 28.10.2018)",1491,,
"44. Calendar week 2018 (week from 29.10.2018 to 4.11.2018)",1561,,
"45. Calendar week 2018 (week from 5.11.2018 to 11.11.2018)",1501,,
"46. Calendar week 2018 (week from 12.11.2018 to 18.11.2018)",1556,,
"47. Calendar week 2018 (week from 19.11.2018 to 25.11.2018)",1531,,
"48. Calendar week 2018 (week from 26.11.2018 to 2.12.2018)",1525,,
"49. Calendar week 2018 (week from 3.12.2018 to 9.12.2018)",1656,,
"50. Calendar week 2018 (week from 10.12.2018 to 16.12.2018)",1626,,
"51. Calendar week 2018 (week from 17.12.2018 to 23.12.2018)",1639,,
"52. Calendar week 2018 (week from 24.12.2018 to 30.12.2018)",1689,,
"1. Calendar week 2019 (week from 31.12.2018 to 6.1.2019)",1648,,
"2. Calendar week 2019 (week from 7.1.2019 to 13.1.2019)",1710,,
"3. Calendar week 2019 (week from 14.1.2019 to 20.1.2019)",1642,,
"4. Calendar week 2019 (week from 21.1.2019 to 27.1.2019)",1714,,
"5. Calendar week 2019 (week from 28.1.2019 to 3.2.2019)",1733,,
"6. Calendar week 2019 (week from 4.2.2019 to 10.2.2019)",1797,,
"7. Calendar week 2019 (week from 11.2.2019 to 17.2.2019)",1820,,
"8. Calendar week 2019 (week from 18.2.2019 to 24.2.2019)",1752,,
"9. Calendar week 2019 (week from 25.2.2019 to 3.3.2019)",1767,,
"10. Calendar week 2019 (week from 4.3.2019 to 10.3.2019)",1812,,
"11. Calendar week 2019 (week from 11.3.2019 to 17.3.2019)",1792,,
"12. Calendar week 2019 (week from 18.3.2019 to 24.3.2019)",1621,,
"13. Calendar week 2019 (week from 25.3.2019 to 31.3.2019)",1653,,
"14. Calendar week 2019 (week from 1.4.2019 to 7.4.2019)",1607,,
"15. Calendar week 2019 (week from 8.4.2019 to 14.4.2019)",1557,,
"16. Calendar week 2019 (week from 15.4.2019 to 21.4.2019)",1559,,
"17. Calendar week 2019 (week from 22.4.2019 to 28.4.2019)",1521,,
"18. Calendar week 2019 (week from 29.4.2019 to 5.5.2019)",1464,,
"19. Calendar week 2019 (week from 6.5.2019 to 12.5.2019)",1456,,
"20. Calendar week 2019 (week from 13.5.2019 to 19.5.2019)",1558,,
"21. Calendar week 2019 (week from 20.5.2019 to 26.5.2019)",1499,,
"22. Calendar week 2019 (week from 27.5.2019 to 2.6.2019)",1496,,
"23. Calendar week 2019 (week from 3.6.2019 to 9.6.2019)",1525,,
"24. Calendar week 2019 (week from 10.6.2019 to 16.6.2019)",1558,,
"25. Calendar week 2019 (week from 17.6.2019 to 23.6.2019)",1427,,
"26. Calendar week 2019 (week from 24.6.2019 to 30.6.2019)",1459,,
"27. Calendar week 2019 (week from 1.7.2019 to 7.7.2019)",1508,,
"28. Calendar week 2019 (week from 8.7.2019 to 14.7.2019)",1338,,
"29. Calendar week 2019 (week from 15.7.2019 to 21.7.2019)",1430,,
"30. Calendar week 2019 (week from 22.7.2019 to 28.7.2019)",1558,,
"31. Calendar week 2019 (week from 29.7.2019 to 4.8.2019)",1459,,
"32. Calendar week 2019 (week from 5.8.2019 to 11.8.2019)",1406,,
"33. Calendar week 2019 (week from 12.8.2019 to 18.8.2019)",1408,,
"34. Calendar week 2019 (week from 19.8.2019 to 25.8.2019)",1454,,
"35. Calendar week 2019 (week from 26.8.2019 to 1.9.2019)",1501,,
"36. Calendar week 2019 (week from 2.9.2019 to 8.9.2019)",1426,,
"37. Calendar week 2019 (week from 9.9.2019 to 15.9.2019)",1410,,
"38. Calendar week 2019 (week from 16.9.2019 to 22.9.2019)",1454,,
"39. Calendar week 2019 (week from 23.9.2019 to 29.9.2019)",1577,,
"40. Calendar week 2019 (week from 30.9.2019 to 6.10.2019)",1557,,
"41. Calendar week 2019 (week from 7.10.2019 to 13.10.2019)",1592,,
"42. Calendar week 2019 (week from 14.10.2019 to 20.10.2019)",1497,,
"43. Calendar week 2019 (week from 21.10.2019 to 27.10.2019)",1545,,
"44. Calendar week 2019 (week from 28.10.2019 to 3.11.2019)",1536,,
"45. Calendar week 2019 (week from 4.11.2019 to 10.11.2019)",1556,,
"46. Calendar week 2019 (week from 11.11.2019 to 17.11.2019)",1559,,
"47. Calendar week 2019 (week from 18.11.2019 to 24.11.2019)",1556,,
"48. Calendar week 2019 (week from 25.11.2019 to 1.12.2019)",1587,,
"49. Calendar week 2019 (week from 2.12.2019 to 8.12.2019)",1599,,
"50. Calendar week 2019 (week from 9.12.2019 to 15.12.2019)",1668,,
"51. Calendar week 2019 (week from 16.12.2019 to 22.12.2019)",1592,,
"52. Calendar week 2019 (week from 23.12.2019 to 29.12.2019)",1637,,
"1. Calendar week 2020 (week from 30.12.2019 to 5.1.2020)",1614,,
"2. Calendar week 2020 (week from 6.1.2020 to 12.1.2020)",1702,,
"3. Calendar week 2020 (week from 13.1.2020 to 19.1.2020)",1797,,
"4. Calendar week 2020 (week from 20.1.2020 to 26.1.2020)",1779,,
"5. Calendar week 2020 (week from 27.1.2020 to 2.2.2020)",1947,,
"6. Calendar week 2020 (week from 3.2.2020 to 9.2.2020)",1682,,
"7. Calendar week 2020 (week from 10.2.2020 to 16.2.2020)",1721,,
"8. Calendar week 2020 (week from 17.2.2020 to 23.2.2020)",1719,,
"9. Calendar week 2020 (week from 24.2.2020 to 1.3.2020)",1768,,
"10. Calendar week 2020 (week from 2.3.2020 to 8.3.2020)",1744,,
"11. Calendar week 2020 (week from 9.3.2020 to 15.3.2020)",1718,,
"12. Calendar week 2020 (week from 16.3.2020 to 22.3.2020)",1836,,
"13. Calendar week 2020 (week from 23.3.2020 to 29.3.2020)",1765,,
"14. Calendar week 2020 (week from 30.3.2020 to 5.4.2020)",1828,,
"15. Calendar week 2020 (week from 6.4.2020 to 12.4.2020)",1793,,
"16. Calendar week 2020 (week from 13.4.2020 to 19.4.2020)",1704,,
"17. Calendar week 2020 (week from 20.4.2020 to 26.4.2020)",1588,,
"18. Calendar week 2020 (week from 27.4.2020 to 3.5.2020)",1480,,
"19. Calendar week 2020 (week from 4.5.2020 to 10.5.2020)",1520,,
"20. Calendar week 2020 (week from 11.5.2020 to 17.5.2020)",1489,,
"21. Calendar week 2020 (week from 18.5.2020 to 24.5.2020)",1481,,
"22. Calendar week 2020 (week from 25.5.2020 to 31.5.2020)",1418,,
"23. Calendar week 2020 (week from 1.6.2020 to 7.6.2020)",1490,,
"24. Calendar week 2020 (week from 8.6.2020 to 14.6.2020)",1461,,
"25. Calendar week 2020 (week from 15.6.2020 to 21.6.2020)",1413,,
"26. Calendar week 2020 (week from 22.6.2020 to 28.6.2020)",1438,,
"27. Calendar week 2020 (week from 29.6.2020 to 5.7.2020)",1561,,
"28. Calendar week 2020 (week from 6.7.2020 to 12.7.2020)",1383,,
"29. Calendar week 2020 (week from 13.7.2020 to 19.7.2020)",1443,,
"30. Calendar week 2020 (week from 20.7.2020 to 26.7.2020)",1452,,
"31. Calendar week 2020 (week from 27.7.2020 to 2.8.2020)",1527,,
"32. Calendar week 2020 (week from 3.8.2020 to 9.8.2020)",1433,,
"33. Calendar week 2020 (week from 10.8.2020 to 16.8.2020)",1607,,
"34. Calendar week 2020 (week from 17.8.2020 to 23.8.2020)",1477,,
"35. Calendar week 2020 (week from 24.8.2020 to 30.8.2020)",1500,,
"36. Calendar week 2020 (week from 31.8.2020 to 6.9.2020)",1523,,
"37. Calendar week 2020 (week from 7.9.2020 to 13.9.2020)",1568,,
"38. Calendar week 2020 (week from 14.9.2020 to 20.9.2020)",1569,,
"39. Calendar week 2020 (week from 21.9.2020 to 27.9.2020)",1532,,
"40. Calendar week 2020 (week from 28.9.2020 to 4.10.2020)",1587,,
"41. Calendar week 2020 (week from 5.10.2020 to 11.10.2020)",1624,,
"42. Calendar week 2020 (week from 12.10.2020 to 18.10.2020)",1619,,
"43. Calendar week 2020 (week from 19.10.2020 to 25.10.2020)",1780,,
"44. Calendar week 2020 (week from 26.10.2020 to 1.11.2020)",1896,,
"45. Calendar week 2020 (week from 2.11.2020 to 8.11.2020)",2006,,
"46. Calendar week 2020 (week from 9.11.2020 to 15.11.2020)",2287,,
"47. Calendar week 2020 (week from 16.11.2020 to 22.11.2020)",2414,,
"48. Calendar week 2020 (week from 23.11.2020 to 29.11.2020)",2442,,
"49. Calendar week 2020 (week from 30.11.2020 to 6.12.2020)",2550,,
"50. Calendar week 2020 (week from 7.12.2020 to 13.12.2020)",2479,,
"51. Calendar week 2020 (week from 14.12.2020 to 20.12.2020)",2264,,
"52. Calendar week 2020 (week from 21.12.2020 to 27.12.2020)",2131,,
"53. Calendar week 2020 (week from 28.12.2020 to 3.1.2021)",2004,,
"1. Calendar week 2021 (week from 4.1.2021 to 10.1.2021)",1960,,
"2. Calendar week 2021 (week from 11.1.2021 to 17.1.2021)",1958,,
"3. Calendar week 2021 (week from 18.1.2021 to 24.1.2021)",2008,,
"4. Calendar week 2021 (week from 25.1.2021 to 31.1.2021)",1948,,
"5. Calendar week 2021 (week from 1.2.2021 to 7.2.2021)",1866,,
"6. Calendar week 2021 (week from 8.2.2021 to 14.2.2021)",1758,,
"7. Calendar week 2021 (week from 15.2.2021 to 21.2.2021)",1719,,
"8. Calendar week 2021 (week from 22.2.2021 to 28.2.2021)",1664,,
"9. Calendar week 2021 (week from 1.3.2021 to 7.3.2021)",1581,,
"10. Calendar week 2021 (week from 8.3.2021 to 14.3.2021)",1741,,
"11. Calendar week 2021 (week from 15.3.2021 to 21.3.2021)",1675,,
"12. Calendar week 2021 (week from 22.3.2021 to 28.3.2021)",1599,,
"13. Calendar week 2021 (week from 29.3.2021 to 4.4.2021)",-,,
"14. Calendar week 2021 (week from 5.4.2021 to 11.4.2021)",-,,
"15. Calendar week 2021 (week from 12.4.2021 to 18.4.2021)",-,,
"16. Calendar week 2021 (week from 19.4.2021 to 25.4.2021)",-,,
"17. Calendar week 2021 (week from 26.4.2021 to 2.5.2021)",-,,
"18. Calendar week 2021 (week from 3.5.2021 to 9.5.2021)",-,,
"19. Calendar week 2021 (week from 10.5.2021 to 16.5.2021)",-,,
"20. Calendar week 2021 (week from 17.5.2021 to 23.5.2021)",-,,
"21. Calendar week 2021 (week from 24.5.2021 to 30.5.2021)",-,,
"22. Calendar week 2021 (week from 31.5.2021 to 6.6.2021)",-,,
"23. Calendar week 2021 (week from 7.6.2021 to 13.6.2021)",-,,
"24. Calendar week 2021 (week from 14.6.2021 to 20.6.2021)",-,,
"25. Calendar week 2021 (week from 21.6.2021 to 27.6.2021)",-,,
"26. Calendar week 2021 (week from 28.6.2021 to 4.7.2021)",-,,
"27. Calendar week 2021 (week from 5.7.2021 to 11.7.2021)",-,,
"28. Calendar week 2021 (week from 12.7.2021 to 18.7.2021)",-,,
"29. Calendar week 2021 (week from 19.7.2021 to 25.7.2021)",-,,
"30. Calendar week 2021 (week from 26.7.2021 to 1.8.2021)",-,,
"31. Calendar week 2021 (week from 2.8.2021 to 8.8.2021)",-,,
"32. Calendar week 2021 (week from 9.8.2021 to 15.8.2021)",-,,
"33. Calendar week 2021 (week from 16.8.2021 to 22.8.2021)",-,,
"34. Calendar week 2021 (week from 23.8.2021 to 29.8.2021)",-,,
"35. Calendar week 2021 (week from 30.8.2021 to 5.9.2021)",-,,
"36. Calendar week 2021 (week from 6.9.2021 to 12.9.2021)",-,,
"37. Calendar week 2021 (week from 13.9.2021 to 19.9.2021)",-,,
"38. Calendar week 2021 (week from 20.9.2021 to 26.9.2021)",-,,
"39. Calendar week 2021 (week from 27.9.2021 to 3.10.2021)",-,,
"40. Calendar week 2021 (week from 4.10.2021 to 10.10.2021)",-,,
"41. Calendar week 2021 (week from 11.10.2021 to 17.10.2021)",-,,
"42. Calendar week 2021 (week from 18.10.2021 to 24.10.2021)",-,,
"43. Calendar week 2021 (week from 25.10.2021 to 31.10.2021)",-,,
"44. Calendar week 2021 (week from 1.11.2021 to 7.11.2021)",-,,
"45. Calendar week 2021 (week from 8.11.2021 to 14.11.2021)",-,,
"46. Calendar week 2021 (week from 15.11.2021 to 21.11.2021)",-,,
"47. Calendar week 2021 (week from 22.11.2021 to 28.11.2021)",-,,
"48. Calendar week 2021 (week from 29.11.2021 to 5.12.2021)",-,,
"49. Calendar week 2021 (week from 6.12.2021 to 12.12.2021)",-,,
"50. Calendar week 2021 (week from 13.12.2021 to 19.12.2021)",-,,
"51. Calendar week 2021 (week from 20.12.2021 to 26.12.2021)",-,,


Symbol,Description
"Q","STATcube  Statistical Database of STATISTICS AUSTRIA"
"Deceased in Austria by calendar week (excl. abroad) from 2000","-) Important note Data of weekly deaths for 2000 to 2019 are final. For 2020, data are still preliminary. For the most two recent weeks, data include estimations, since at the time of publication not all deaths were made available to Statistics Austria by the Civil Registry Offices. Deaths of Austrian residents abroad are not included in the data of any published year. Please note that the sum of all 52 or 53 weeks in a given year does not equal the total number of deaths of the respective calendar year. In cases where January 1st is a Tuesday, Wednesday or Thursday, the first calendar week also includes the remaining days of the last calendar week of the previous year. Likewise, if the 31st of December is a Thursday, Friday or Saturday, the last calendar week also includes the first day(s) of the successive year. .) Origin of data and legal foundations Statistics Austria processes all deaths delivered by the Civil Registry Offices. Within the publication deadline not all deaths are available, yet. Therefore, the reported deaths of the three most recent weeks include estimations. For this, the empirical delays of the past years were employed to model the expected delays in the reported figures. The underlying estimation model is evaluated weekly and adjusted if necessary. In any case, these preliminary results are subject to uncertainty and the final numbers can be slightly higher or slightly lower than currently estimated. Upon publication, a minimum of 90% of all reported deaths are available to Statistics Austria for any given week and therefore estimations constitute a maximum of 10%. .) Update Preliminary data for 2020 will be updated weekly during the ongoing Corona crisis. Every week, deaths for a new week will be published; at the same time, results for previous weeks will be updated (revised). .) OpenData Link: http://data.statistik.gv.at/web/meta.jsp?dataset=OGD_gest_kalwo_GEST_KALWOCHE_100 .) Documentation Directorate Social Statistics - Sector Demography Dr. Regina Fuchs Tel.: +43 (1) 71128  7501 Mag. Alexander Wisbauer Tel.: +43 (1) 71128  7202 Demographie@statistik.gv.at"
"Calendar week","Please note that the sum of all 52 or 53 weeks in a given year does not equal the total number of deaths of the respective calendar year. In cases where January 1st is a Tuesday, Wednesday or Thursday, the first calendar week also includes the remaining days of the last calendar week of the previous year. Likewise, if the 31st of December is a Thursday, Friday or Saturday, the last calendar week also includes the first day(s) of the successive year."


(c) Copyright Statistics Austria
